,Apartment_Name,Apartment_Add,Apartment_Price,Apartment_Tel,Apartment_Type,Apartment_Link
0,Heinz Lofts,"300 Heinz St, Pittsburgh, PA 15212","$1,415 - 3,437",(412) 847-5081,1-2 Bed,https://www.apartments.com/heinz-lofts-pittsburgh-pa/m0k293k/
1,KAUFMANNS GRAND ON FIFTH,"434 5th Ave, Pittsburgh, PA 15219","$1,130 - 2,579",(844) 459-8552,Studio - 2 Bed,https://www.apartments.com/kaufmanns-grand-on-fifth-pittsburgh-pa/db3d2xh/
2,The Commonwealth,"316 4th Ave, Pittsburgh, PA 15222","$1,100 - 2,710",(412) 685-8006,Studio - 2 Bed,https://www.apartments.com/the-commonwealth-pittsburgh-pa/85vsmz3/
3,Oakland Apartments,"4629 Bayard St, Pittsburgh, PA 15213",$899,(844) 291-8672,Studio,https://www.apartments.com/oakland-apartments-pittsburgh-pa/6e8q1dr/
4,Steiner Realty Shadyside,"5540 5th Ave, Pittsburgh, PA 15232","$1,400",(412) 528-2291,2 Bed,https://www.apartments.com/steiner-realty-shadyside-pittsburgh-pa/y6smjdv/
5,Shadyside Apartments,"5925 5th Ave, Pittsburgh, PA 15232","$2,099",(844) 525-1154,3 Bed,https://www.apartments.com/shadyside-apartments-pittsburgh-pa/pdep2qt/
6,Oak Hill Apartments,"22 Strayhorn Way, Pittsburgh, PA 15213","$1,395 - 1,760",(844) 209-9199,Studio - 2 Bed,https://www.apartments.com/oak-hill-apartments-pittsburgh-pa/m4pz40l/
7,"Franklin West Apartments, Leasing Office","272 Shady Ave, Pittsburgh, PA 15206","$1,210 - 1,740",(844) 823-6344,1-2 Bed,https://www.apartments.com/franklin-west-apartments-leasing-office-pittsburgh-pa/vs057fe/
8,Walnut on Highland,"121 S Highland Ave, Pittsburgh, PA 15206","$1,367 - 3,600",(412) 308-5384,Studio - 3 Bed,https://www.apartments.com/walnut-on-highland-pittsburgh-pa/nrrw3wp/
9,Carson Street Commons,"2525-2539 E Carson St, Pittsburgh, PA 15203","$1,420 - 3,975",(412) 847-5472,1-2 Bed,https://www.apartments.com/carson-street-commons-pittsburgh-pa/bypghtc/
10,The Brix at 26,"75 S 26th St, Pittsburgh, PA 15203","$1,400 - 2,800",(412) 275-0805,Studio - 2 Bed,https://www.apartments.com/the-brix-at-26-pittsburgh-pa/6zm86wt/
11,"Strip, Lawrenceville, Bloomfield Apartments","2501 Liberty Ave, Pittsburgh, PA 15222","$1,199 - 1,599",(412) 557-7409,2 Bed,https://www.apartments.com/strip-lawrenceville-bloomfield-apartments-pittsburgh-pa/mwz68gl/
12,Arsenal 201,"3922 Foster St, Pittsburgh, PA 15201","$1,190 - 4,035",(412) 557-7287,Studio - 3 Bed,https://www.apartments.com/arsenal-201-pittsburgh-pa/49f41lj/
13,Helm on the Allegheny,"2239 Railroad St, Pittsburgh, PA 15222","$1,035 - 3,280",(412) 419-1056,Studio - 2 Bed,https://www.apartments.com/helm-on-the-allegheny-pittsburgh-pa/wlezgzl/
14,City View Apartments,"1420 Centre Ave, Pittsburgh, PA 15219","$1,158 - 2,951",(412) 532-1007,Studio - 2 Bed,https://www.apartments.com/city-view-apartments-pittsburgh-pa/l1d4klg/
15,The Revival on Carson,"1700 E Carson St, Pittsburgh, PA 15203","$1,585 - 2,295",(412) 336-8107,1-2 Bed,https://www.apartments.com/the-revival-on-carson-pittsburgh-pa/csyjvqd/
16,Walnut Towers at Frick Park,"7070 Forward Ave, Pittsburgh, PA 15217","$1,330 - 2,115",(412) 206-5629,1-2 Bed,https://www.apartments.com/walnut-towers-at-frick-park-pittsburgh-pa/vbe85ne/
17,The District,"1679 Waterfront Plz, Pittsburgh, PA 15222","$1,370 - 2,995",(844) 471-1807,Studio - 3 Bed,https://www.apartments.com/the-district-pittsburgh-pa/exkm0fm/
18,The Pennsylvanian,"1100 Liberty Ave, Pittsburgh, PA 15222","$1,132 - 2,675",(866) 350-8444,Studio - 2 Bed,https://www.apartments.com/the-pennsylvanian-pittsburgh-pa/xtp479p/
19,Heinz 950,"950 Progress St, Pittsburgh, PA 15212","$1,299 - 1,839",(844) 709-6853,1 Bed,https://www.apartments.com/heinz-950-pittsburgh-pa/h7865f1/
20,Terminal 21,"615 First Ave, Pittsburgh, PA 15219","$1,215 - 2,401",(412) 557-7578,Studio - 2 Bed,https://www.apartments.com/terminal-21-pittsburgh-pa/eqe2jvp/
21,Smallman Flats,"2908 Smallman St, Pittsburgh, PA 15201","$1,100 - 1,700",(412) 650-4666,Studio - 1 Bed,https://www.apartments.com/smallman-flats-pittsburgh-pa/kw5yr38/
22,The Cork Factory Lofts,"2349 Railroad St, Pittsburgh, PA 15222","$1,968 - 4,857",(866) 626-1231,1-3 Bed,https://www.apartments.com/the-cork-factory-lofts-pittsburgh-pa/5tcr5qn/
23,Highland House Tower by Albion,"5700 Bunkerhill St, Pittsburgh, PA 15206","$2,390 - 2,420",(844) 617-0572,1-3 Bed,https://www.apartments.com/highland-house-tower-by-albion-pittsburgh-pa/k8k522c/
24,Webster Hall Apartments,"101 N Dithridge St, Pittsburgh, PA 15213","$1,186 - 2,497",(412) 643-0144,Studio - 3 Bed,https://www.apartments.com/webster-hall-apartments-pittsburgh-pa/bd2hm3b/
25,One On Centre,"4500 Centre Ave, Pittsburgh, PA 15213","$1,785 - 1,805",(412) 533-2310,1 Bed,https://www.apartments.com/one-on-centre-pittsburgh-pa/p2phsns/
26,University Commons,"308 Mckee Pl, Pittsburgh, PA 15213","$960 - 3,000",(412) 837-3366,1-5 Bed,https://www.apartments.com/university-commons-pittsburgh-pa/ez9devn/
27,Baumhaus,"5522 Baum Blvd, Pittsburgh, PA 15232","$1,540 - 3,540",(844) 762-5514,Studio - 3 Bed,https://www.apartments.com/baumhaus-pittsburgh-pa/gxewllw/
28,Eastside Bond,"6105 Spirit St, Pittsburgh, PA 15206","$1,492 - 3,944",(844) 378-8494,Studio - 2 Bed,https://www.apartments.com/eastside-bond-pittsburgh-pa/cj0pksg/
29,The Flats at Southside Works,"2603-2655 E Carson St, Pittsburgh, PA 15203","$1,890 - 2,125",(412) 294-9540,Studio - 2 Bed,https://www.apartments.com/the-flats-at-southside-works-pittsburgh-pa/099wh00/
30,Bakery Living,"6350 Penn Ave, Pittsburgh, PA 15206","$1,495 - 4,640",(844) 814-2588,Studio - 2 Bed,https://www.apartments.com/bakery-living-pittsburgh-pa/3qd9wgf/
31,Fifth Avenue School Lofts,"1800 Fifth Ave, Pittsburgh, PA 15219","$2,250",(844) 202-0680,2 Bed,https://www.apartments.com/fifth-avenue-school-lofts-pittsburgh-pa/0jb5cg0/
32,The Yards at 3 Crossings,"2645 Railroad St, Pittsburgh, PA 15222","$1,560 - 3,510",(844) 750-1008,Studio - 2 Bed,https://www.apartments.com/the-yards-at-3-crossings-pittsburgh-pa/qeqhmgz/
33,Lot 24 Apartments,"2404 Railroad St, Pittsburgh, PA 15222","$1,161 - 2,447",(412) 567-4141,Studio - 2 Bed,https://www.apartments.com/lot-24-apartments-pittsburgh-pa/gd6mkey/
34,Crawford Square Apartments,"510 Protectory Pl, Pittsburgh, PA 15219","$1,352 - 2,940",(412) 567-5423,1-3 Bed,https://www.apartments.com/crawford-square-apartments-pittsburgh-pa/q5w7s4y/
35,Edge 1909,"1909 Waterfront Pl, Pittsburgh, PA 15222","$1,718 - 7,324",(844) 779-8909,1-2 Bed,https://www.apartments.com/edge-1909-pittsburgh-pa/33nh2kd/
36,930 Penn Ave,"930 Penn Ave, Pittsburgh, PA 15222","$2,300 - 3,000",(844) 855-0753,2 Bed,https://www.apartments.com/930-penn-ave-pittsburgh-pa/b91lvx8/
37,900 Penn,"900 Penn Ave, Pittsburgh, PA 15222","$1,300 - 2,500",(844) 577-3535,1-2 Bed,https://www.apartments.com/900-penn-pittsburgh-pa/xg5c9vp/
38,Bracken House,"100 Anderson St, Pittsburgh, PA 15212","$1,774 - 2,838",(888) 353-5443,1-2 Bed,https://www.apartments.com/bracken-house-pittsburgh-pa/5bgqxtq/
39,Aria Cultural District Lofts,"121 7th St, Pittsburgh, PA 15222","$1,600",(844) 723-3301,1 Bed,https://www.apartments.com/aria-cultural-district-lofts-pittsburgh-pa/lrkw6fe/
40,The Waterfront Apartments and Townhomes,"611 E Waterfront Dr, Munhall, PA 15120","$1,315 - 3,705",(412) 368-9408,1-3 Bed,https://www.apartments.com/the-waterfront-apartments-and-townhomes-munhall-pa/8gvtzh1/
41,Encore Apartments,"100 7th St, Pittsburgh, PA 15222","$1,900 - 4,000",(888) 843-1690,1-2 Bed,https://www.apartments.com/encore-apartments-pittsburgh-pa/emw3glm/
42,Chalfont Apartments,"4742 Centre Ave, Pittsburgh, PA 15213",Call for Rent,(412) 533-5345,Studio - 2 Bed,https://www.apartments.com/chalfont-apartments-pittsburgh-pa/3smnm9f/
43,Albion at Morrow Park,"5250 Liberty Ave, Pittsburgh, PA 15224","$1,350 - 3,805",(412) 347-1025,Studio - 3 Bed,https://www.apartments.com/albion-at-morrow-park-pittsburgh-pa/xpg1ngq/
44,Live South Side,"26 S 28th St, Pittsburgh, PA 15203","$1,529 - 1,711",(412) 545-5787,Studio - 2 Bed,https://www.apartments.com/live-south-side-pittsburgh-pa/hf3z3z0/
45,Doughboy Square Apartments,"3459 Butler St, Pittsburgh, PA 15201","$1,800 - 1,900",(412) 347-1287,2 Bed,https://www.apartments.com/doughboy-square-apartments-pittsburgh-pa/vwnsh0e/
46,Cornerstone Village Phase I,"185 Larimer Ave, Pittsburgh, PA 15206",Call for Rent,(412) 714-9016,1-4 Bed,https://www.apartments.com/cornerstone-village-phase-i-pittsburgh-pa/5wkmn7n/
47,Union on 5th Avenue,"1030 5th Ave, Pittsburgh, PA 15219","$1,010 - 1,800",(844) 821-5244,2-3 Bed,https://www.apartments.com/union-on-5th-avenue-pittsburgh-pa/k8y2zrb/
48,Allegheny Apartments,"429 Forbes Ave, Pittsburgh, PA 15219","$1,280 - 2,240",(412) 690-0268,1-2 Bed,https://www.apartments.com/allegheny-apartments-pittsburgh-pa/zkjt6xw/
49,The Clark Building,"717 Liberty Ave, Pittsburgh, PA 15222","$1,200 - 1,895",(724) 318-4477,1-2 Bed,https://www.apartments.com/the-clark-building-pittsburgh-pa/r2yslm2/
50,EIGHTH & PENN,"711-713 Penn Ave, Pittsburgh, PA 15222","$985 - 5,500",(412) 748-1949,Studio - 3 Bed,https://www.apartments.com/eighth-penn-pittsburgh-pa/bmw0rqb/
51,Devon Towers,"4920 CENTRE Ave, Pittsburgh, PA 15213","$974 - 1,505",(844) 248-8214,Studio - 2 Bed,https://www.apartments.com/devon-towers-pittsburgh-pa/r9y0cp1/
52,Amberson Gardens,"1-4 Bayard Rd, Pittsburgh, PA 15213","$1,030 - 1,372",(844) 783-3361,1-2 Bed,https://www.apartments.com/amberson-gardens-pittsburgh-pa/w2vgfbj/
53,Morewood Court,"319-323 Morewood Ave, Pittsburgh, PA 15213",$895 - 970,(844) 784-1303,1 Bed,https://www.apartments.com/morewood-court-pittsburgh-pa/qkwekrw/
54,Shadyside Commons,"401 Amberson Ave, Pittsburgh, PA 15232",Call for Rent,(412) 208-4328,1-2 Bed,https://www.apartments.com/shadyside-commons-pittsburgh-pa/f0n2tvs/
55,Hudson Oakland,"515-517 Semple St, Pittsburgh, PA 15213","$1,199 - 1,599",(844) 238-4282,2 Bed,https://www.apartments.com/hudson-oakland-pittsburgh-pa/2q5c68b/
56,The Royal Plaza Rockwel Realty Leasing,"5506 5th Ave, Pittsburgh, PA 15232","$1,450",(844) 219-2318,2 Bed,https://www.apartments.com/the-royal-plaza-rockwel-realty-leasing-pittsburgh-pa/3s5lycg/
57,Arlington,"515 S Aiken Ave, Pittsburgh, PA 15232","$685 - 1,780",(844) 482-7905,Studio - 2 Bed,https://www.apartments.com/arlington-pittsburgh-pa/pr2nf1t/
58,Negley Court,"5620 5th Ave, Pittsburgh, PA 15232","$745 - 1,400",(844) 327-3495,Studio - 2 Bed,https://www.apartments.com/negley-court-pittsburgh-pa/k28meyb/
59,Ellsworth Towers,"5700 Ellsworth Ave, Pittsburgh, PA 15232",$975,(844) 888-0133,1 Bed,https://www.apartments.com/ellsworth-towers-pittsburgh-pa/sr1w287/
60,Coda on Centre,"5765 Centre Ave, Pittsburgh, PA 15206","$1,965 - 3,730",(844) 845-4811,Studio - 2 Bed,https://www.apartments.com/coda-on-centre-pittsburgh-pa/y9dvdqv/
61,Wendover,"5562 Hobart St, Pittsburgh, PA 15217","$1,135 - 1,620",(412) 357-4925,1-2 Bed,https://www.apartments.com/wendover-pittsburgh-pa/l55ygwf/
62,Highland Plaza Apartments,"301 S Highland Ave, Pittsburgh, PA 15206","$1,300 - 2,000",(844) 661-9858,1-3 Bed,https://www.apartments.com/highland-plaza-apartments-pittsburgh-pa/8nr7t31/
63,The Rockwel - Rockwel Realty Leasing,"430 Shady Ave, Pittsburgh, PA 15206","$1,850",(844) 845-8849,2 Bed,https://www.apartments.com/the-rockwel-rockwel-realty-leasing-pittsburgh-pa/8bj3yk3/
64,Maxon Towers,"6315 Forbes Ave, Squirrel Hill, PA 15217","$1,605 - 3,300",(412) 688-6248,1-3 Bed,https://www.apartments.com/maxon-towers-squirrel-hill-pa/0l3jt62/
65,Morrowfield,"2715 Murray Ave, Pittsburgh, PA 15217","$820 - 1,615",(844) 404-5887,Studio - 2 Bed,https://www.apartments.com/morrowfield-pittsburgh-pa/34lt28g/
66,Hot Metal Flats,"2915 Sidney St, Pittsburgh, PA 15203","$1,317 - 3,147",(412) 419-1366,Studio - 2 Bed,https://www.apartments.com/hot-metal-flats-pittsburgh-pa/bgv9178/
67,REDSTONE PLACE,"265 46th St, Pittsburgh, PA 15201","$1,775 - 2,075",(844) 857-0233,1-2 Bed,https://www.apartments.com/redstone-place-pittsburgh-pa/rqd9zm0/
68,Catalyst Lofts,"141 41st St, Pittsburgh, PA 15201","$1,225 - 2,500",(844) 814-6608,1-3 Bed,https://www.apartments.com/catalyst-lofts-pittsburgh-pa/0v7q7s3/
69,The Reserve at Summerset at Frick Park,"1435 Parkview Blvd, Pittsburgh, PA 15217","$1,980 - 2,580",(844) 564-8456,2-3 Bed,https://www.apartments.com/the-reserve-at-summerset-at-frick-park-pittsburgh-pa/wm9hrck/
70,Highland Park Club Apartments,"1001 N Negley Ave, Pittsburgh, PA 15206","$1,175 - 1,375",(412) 436-5519,1-2 Bed,https://www.apartments.com/highland-park-club-apartments-pittsburgh-pa/qpr93dw/
71,The Gateway at Summerset,"1876 Parkview Blvd, Pittsburgh, PA 15217","$1,575 - 2,315",(844) 228-9323,1-2 Bed,https://www.apartments.com/the-gateway-at-summerset-pittsburgh-pa/dhw10rh/
72,Frick Park Village,"208 Rebecca Ave, Pittsburgh, PA 15221",$805 - 925,(844) 304-1864,1-2 Bed,https://www.apartments.com/frick-park-village-pittsburgh-pa/ldrlfyf/
73,Lando Lofts,"909 Penn Ave, Pittsburgh, PA 15222","$1,195 - 2,195",(412) 200-5027,1-2 Bed,https://www.apartments.com/lando-lofts-pittsburgh-pa/yghplnr/
74,Steiner Realty Regent Square,"535-603 S Trenton Ave, Pittsburgh, PA 15221","$1,100",(844) 590-8040,2 Bed,https://www.apartments.com/steiner-realty-regent-square-pittsburgh-pa/gjjsz9x/
75,Midtown Towers,"643 Liberty Ave, Pittsburgh, PA 15222",Call for Rent,(412) 346-6902,1 Bed,https://www.apartments.com/midtown-towers-pittsburgh-pa/8c3xzr1/
76,6385 Alderson St,"Pittsburgh, PA 15217","$1,550",(412) 532-4536,2 Bed,https://www.apartments.com/6385-alderson-st-pittsburgh-pa/6fyjrrr/
77,352 Atwood St,"Pittsburgh, PA 15213","$1,850",(724) 973-6115,2 Bed,https://www.apartments.com/352-atwood-st-pittsburgh-pa/0e8dgz2/
78,413 Semple St,"Pittsburgh, PA 15213","$4,200",(724) 313-5310,6 Bed,https://www.apartments.com/413-semple-st-pittsburgh-pa/q6zmeby/
79,600 Lockhart St Unit 3,"Pittsburgh, PA 15212","$1,100",,1 Bed,https://www.apartments.com/600-lockhart-st-pittsburgh-pa-unit-3/p8wj9dv/
80,Sherwood Towers Apartments,"230 N Craig St, Pittsburgh, PA 15213","$1,158 - 2,566",(724) 617-0318,Studio - 3 Bed,https://www.apartments.com/sherwood-towers-apartments-pittsburgh-pa/97vth06/
81,King Edward 4601 Apartments,"4601 Bayard St, Pittsburgh, PA 15213","$1,975",(412) 314-1770,2 Bed,https://www.apartments.com/king-edward-4601-apartments-pittsburgh-pa/m65jljh/
82,Oakland-Bates Apartments,"403 Oakland Ave, Pittsburgh, PA 15213","$740 - 2,750",(412) 357-6678,Studio - 4 Bed,https://www.apartments.com/oakland-bates-apartments-pittsburgh-pa/g5w6zkx/
83,AMBERSON PLAZA,"5030 Centre Ave, Pittsburgh, PA 15213","$1,180 - 1,535",(412) 294-8980,1-2 Bed,https://www.apartments.com/amberson-plaza-pittsburgh-pa/k5wzqh8/
84,LUNA Lofts,"410-416 N Craig St, Pittsburgh, PA 15213","$1,840 - 1,850",(412) 837-3393,2 Bed,https://www.apartments.com/luna-lofts-pittsburgh-pa/f3hl5hs/
85,Claybourne Apartments,"5435 Claybourne St, Pittsburgh, PA 15232","$1,105 - 1,795",(412) 924-8013,1-2 Bed,https://www.apartments.com/claybourne-apartments-pittsburgh-pa/edpzvdn/
86,Tiffany Place,"5700 5th Ave, Pittsburgh, PA 15232","$685 - 1,000",(724) 900-2879,Studio - 2 Bed,https://www.apartments.com/tiffany-place-pittsburgh-pa/eg8hj0q/
87,Essex House Apartments,"5701 Centre Ave, Pittsburgh, PA 15206","$1,260 - 1,850",(844) 632-4615,1-2 Bed,https://www.apartments.com/essex-house-apartments-pittsburgh-pa/jlg7se5/
88,Portal Place,"2633 Fifth Ave, Pittsburgh, PA 15213","$1,300 - 2,000",(724) 330-4552,1-2 Bed,https://www.apartments.com/portal-place-pittsburgh-pa/knvj3wb/
89,6111 Alder St Apartments,"6111 Alder St, Pittsburgh, PA 15206","$845 - 1,595",(724) 900-2594,1-3 Bed,https://www.apartments.com/6111-alder-st-apartments-pittsburgh-pa/e3zt8fm/
90,Velma Court,"772 Greenfield Ave, Pittsburgh, PA 15217",$595 - 895,(844) 203-8541,Studio - 2 Bed,https://www.apartments.com/velma-court-pittsburgh-pa/rmx1hj1/
91,Greenhill Apartments,"4221 Winterburn Ave, Pittsburgh, PA 15207",$845 - 965,(724) 519-0150,1-2 Bed,https://www.apartments.com/greenhill-apartments-pittsburgh-pa/k7plz38/
92,Skyline Terrace,"385 Elmore St, Pittsburgh, PA 15219","$1,150 - 1,400",(844) 229-0438,1-4 Bed,https://www.apartments.com/skyline-terrace-pittsburgh-pa/fby971t/
93,Negley Gardens Apartments,"400 N Negley Ave, Pittsburgh, PA 15206","$961 - 1,079",(844) 417-9457,1-2 Bed,https://www.apartments.com/negley-gardens-apartments-pittsburgh-pa/w70z6rl/
94,Garfield Commons,"242 Fern St, Pittsburgh, PA 15201","$950 - 1,400",(412) 361-9028,2-5 Bed,https://www.apartments.com/garfield-commons-pittsburgh-pa/xh8gwrn/
95,Carson Square Apartments,"2112 Sidney St, Pittsburgh, PA 15203",Call for Rent,(412) 465-1128,1-2 Bed,https://www.apartments.com/carson-square-apartments-pittsburgh-pa/v7zlg5d/
96,Larimer Pointe,"429 Larimer Ave, Pittsburgh, PA 15206",Call for Rent,(844) 228-5950,2-3 Bed,https://www.apartments.com/larimer-pointe-pittsburgh-pa/7429nmw/
97,Kelly Hamilton Homes,"7049 Hamilton Ave, Pittsburgh, PA 15208","$1,000 - 1,550",(844) 294-1467,1-3 Bed,https://www.apartments.com/kelly-hamilton-homes-pittsburgh-pa/5vnb6mq/
98,Apartment for Rent,"355 Oakland Ave, Pittsburgh, PA 15213","$875 - 1,450",(412) 900-0774,Studio - 2 Bed,https://www.apartments.com/355-oakland-ave-pittsburgh-pa/kpe8m09/
99,Apartment for Rent,"236 Meyran Ave, Pittsburgh, PA 15213","$1,300 - 1,450",(724) 313-5339,2 Bed,https://www.apartments.com/236-meyran-ave-pittsburgh-pa/tht92e8/
100,Apartment for Rent,"514 Semple St, Pittsburgh, PA 15213",$850 - 875,(412) 690-0246,1 Bed,https://www.apartments.com/514-semple-st-pittsburgh-pa/c63ktpd/
101,House for Rent,"510 Semple St, Pittsburgh, PA 15213","$3,000",(412) 314-1586,4 Bed,https://www.apartments.com/510-semple-st-pittsburgh-pa/dzdl8xk/
102,Apartment for Rent,"512 Semple St, Pittsburgh, PA 15213","$1,950",(412) 690-0248,3 Bed,https://www.apartments.com/512-semple-st-pittsburgh-pa/jrl16g5/
103,Apartment for Rent,"5154 Cypress St, Pittsburgh, PA 15224","$4,200",,6 Bed,https://www.apartments.com/5154-cypress-st-pittsburgh-pa/k61dmqb/
104,House for Rent,"3345 Parkview Ave, Pittsburgh, PA 15213","$1,750",(724) 400-5935,3 Bed,https://www.apartments.com/3345-parkview-ave-pittsburgh-pa/k0pnf0b/
105,House for Rent,"123 Chesterfield Rd, Pittsburgh, PA 15213","$1,650",(631) 268-5043,3 Bed,https://www.apartments.com/123-chesterfield-rd-pittsburgh-pa/q4n583z/
106,House for Rent,"3238 Hardie Way, Pittsburgh, PA 15213","$1,300",(724) 565-3034,2 Bed,https://www.apartments.com/3238-hardie-way-pittsburgh-pa/p5mk2pt/
107,House for Rent,"3219 Kennett Sq., Pittsburgh, PA 15213","$2,500",(724) 492-4207,3 Bed,https://www.apartments.com/3219-kennett-sq-pittsburgh-pa/2hjfg68/
108,House for Rent,"268 Robinson St, Pittsburgh, PA 15213","$3,200",,5 Bed,https://www.apartments.com/268-robinson-st-pittsburgh-pa/1jrrz94/
109,House for Rent,"654 Herron Ave, Pittsburgh, PA 15219","$1,700",(412) 274-1362,3 Bed,https://www.apartments.com/654-herron-ave-pittsburgh-pa/s4zdlq6/
110,Apartment for Rent,"4754 Liberty Ave, Pittsburgh, PA 15224","$2,100",,3 Bed,https://www.apartments.com/4754-liberty-ave-pittsburgh-pa/z53fhjz/
111,Apartment for Rent,"5934 Elwood St, Pittsburgh, PA 15232","$1,335",(412) 404-6828,1 Bed,https://www.apartments.com/5934-elwood-st-pittsburgh-pa/2rdstxb/
112,Apartment for Rent,"3507 Bigelow Blvd, Pittsburgh, PA 15213","$1,700",(724) 860-6157,3 Bed,https://www.apartments.com/3507-bigelow-blvd-pittsburgh-pa/l49rvkd/
113,Condo for Rent,"5715 Beacon St, Pittsburgh, PA 15217","$1,050",(412) 419-1019,1 Bed,https://www.apartments.com/5715-beacon-st-pittsburgh-pa-unit-315/d0rypck/
114,Townhome for Rent,"3446 Melwood Avenue, Pittsburgh, PA 15219","$1,400",,2 Bed,https://www.apartments.com/3446-melwood-avenue-pittsburgh-pa/c7hyybf/
115,House for Rent,"6220 Sellers Street, Pittsburgh, PA 15206","$3,800",,3 Bed,https://www.apartments.com/6220-sellers-street-pittsburgh-pa/vhj0ywf/
116,Apartment for Rent,"6373 Alderson St, Pittsburgh, PA 15217","$1,695",(724) 330-4618,2 Bed,https://www.apartments.com/6373-alderson-st-pittsburgh-pa/19vbjx4/
117,Apartment for Rent,"1838 Shaw Ave, Pittsburgh, PA 15217","$1,750",(724) 330-4615,3 Bed,https://www.apartments.com/1838-shaw-ave-pittsburgh-pa/zbtcw0z/
118,Apartment for Rent,"530 N Euclid Ave, Pittsburgh, PA 15206","$1,395",(724) 269-8242,2 Bed,https://www.apartments.com/530-n-euclid-ave-pittsburgh-pa/jdlt6w4/
119,Townhome for Rent,"2526 Beechwood Blvd, Pittsburgh, PA 15217","$1,995",(412) 506-8459,3 Bed,https://www.apartments.com/2526-beechwood-blvd-pittsburgh-pa/sn6k4f6/
120,Apartment for Rent,"2219 Sarah St, Pittsburgh, PA 15203",$825,(412) 506-8460,1 Bed,https://www.apartments.com/2219-sarah-st-pittsburgh-pa/v0xyxwg/
121,Apartment for Rent,"2228 Sarah St, Pittsburgh, PA 15203","$1,450",,2 Bed,https://www.apartments.com/2228-sarah-st-pittsburgh-pa/bhj18cc/
122,House for Rent,"1709 Forbes Ave, Pittsburgh, PA 15219","$2,240",,4 Bed,https://www.apartments.com/1709-forbes-ave-pittsburgh-pa/r2fm6g1/
123,House for Rent,"2109 Jane St, Pittsburgh, PA 15203","$2,100",(412) 528-0239,3 Bed,https://www.apartments.com/2109-jane-st-pittsburgh-pa/ctn71zd/
124,House for Rent,"2827 Sumner St, Pittsburgh, PA 15203",$950,,2 Bed,https://www.apartments.com/2827-sumner-st-pittsburgh-pa/rzwfp03/
125,Apartment for Rent,"5443 Stanton Ave, Pittsburgh, PA 15206",$600,(412) 506-8714,Studio,https://www.apartments.com/5443-stanton-ave-pittsburgh-pa/4g8pk2j/
126,House for Rent,"152 45th St, Pittsburgh, PA 15201","$2,400",(412) 506-8736,3 Bed,https://www.apartments.com/152-45th-st-pittsburgh-pa/jex3eg7/
127,House for Rent,"206 Hazelwood Ave, Pittsburgh, PA 15207","$1,300",(316) 803-0336,4 Bed,https://www.apartments.com/206-hazelwood-ave-pittsburgh-pa/1bcl8y4/
128,Townhome for Rent,"5128 Keystone St, Pittsburgh, PA 15201","$1,995",(412) 688-6001,4 Bed,https://www.apartments.com/5128-keystone-st-pittsburgh-pa/44lwq7h/
129,Apartment for Rent,"4343 Coleridge St, Pittsburgh, PA 15201",$999,(724) 313-6038,2 Bed,https://www.apartments.com/4343-coleridge-st-pittsburgh-pa/ebpe4bm/
130,Apartment for Rent,"1347 Lowrie St, Pittsburgh, PA 15212","$1,025",(412) 506-8574,2 Bed,https://www.apartments.com/1347-lowrie-st-pittsburgh-pa/d9c06xl/
131,Apartment for Rent,"1111 N Highland Ave, Pittsburgh, PA 15206","$1,695",,4 Bed,https://www.apartments.com/1111-n-highland-ave-pittsburgh-pa/x89e23n/
132,House for Rent,"1159 McCabe St, Pittsburgh, PA 15201","$1,950",(412) 550-0904,3 Bed,https://www.apartments.com/1159-mccabe-st-pittsburgh-pa/v2c7mke/
133,Apartment for Rent,"112 Washington Pl, Pittsburgh, PA 15219","$1,100",,1 Bed,https://www.apartments.com/112-washington-pl-pittsburgh-pa/m0cp9ml/
134,Apartment for Rent,"112 Washington Pl, Pittsburgh, PA 15219",$995,,1 Bed,https://www.apartments.com/112-washington-pl-pittsburgh-pa/6ex4w1r/
135,House for Rent,"2025 S 18th St, Pittsburgh, PA 15203","$1,495",(724) 237-5791,4 Bed,https://www.apartments.com/2025-s-18th-st-pittsburgh-pa/c5sh70e/
136,Apartment for Rent,"5147 Butler St, Pittsburgh, PA 15201","$1,450",,2 Bed,https://www.apartments.com/5147-butler-st-pittsburgh-pa/28gwf88/
137,Condo for Rent,"112 Washington Pl, Pittsburgh, PA 15219","$1,300",(412) 357-5247,1 Bed,https://www.apartments.com/112-washington-pl-pittsburgh-pa-unit-10f/tw9ks19/
138,Condo for Rent,"201 E End Ave, Pittsburgh, PA 15221","$1,800",,2 Bed,https://www.apartments.com/201-e-end-ave-pittsburgh-pa-unit-3/qzldv1x/
139,Apartment for Rent,"911 Arlington Ave, Pittsburgh, PA 15203","$1,400",,2 Bed,https://www.apartments.com/911-arlington-ave-pittsburgh-pa/c620s8e/
140,Apartment for Rent,"62 Mount Oliver St, Pittsburgh, PA 15210",$975,(412) 436-5384,2 Bed,https://www.apartments.com/62-mount-oliver-st-pittsburgh-pa/r5cwmr1/
141,Apartment for Rent,"523 Suismon Street, Pittsburgh, PA 15212","$1,500",(412) 203-8734,1 Bed,https://www.apartments.com/523-suismon-street-pittsburgh-pa/8g9gqc2/
142,Apartment for Rent,"1909 Waterfront Pl, Pittsburgh, PA 15222","$2,289",(415) 231-1701,1 Bed,https://www.apartments.com/1909-waterfront-pl-pittsburgh-pa/v6p6zxf/
143,Apartment for Rent,"1909 Waterfront Pl, Pittsburgh, PA 15222","$2,314",(415) 231-1701,1 Bed,https://www.apartments.com/1909-waterfront-pl-pittsburgh-pa/kvnztpb/
144,Apartment for Rent,"1909 Waterfront Pl, Pittsburgh, PA 15222","$2,763",(415) 231-1701,1 Bed,https://www.apartments.com/1909-waterfront-pl-pittsburgh-pa/1xdp4e6/
145,Apartment for Rent,"300 Heinz St, Pittsburgh, PA 15212","$2,810",(415) 231-1701,2 Bed,https://www.apartments.com/300-heinz-st-pittsburgh-pa/yg4lyls/
146,Apartment for Rent,"300 Heinz St, Pittsburgh, PA 15212","$2,086",(628) 432-7870,1 Bed,https://www.apartments.com/300-heinz-st-pittsburgh-pa/jywtdm7/
147,Apartment for Rent,"300 Heinz St, Pittsburgh, PA 15212","$1,914",(628) 758-7055,1 Bed,https://www.apartments.com/300-heinz-st-pittsburgh-pa/8dswes0/
148,Condo for Rent,"307 S Dithridge St, Pittsburgh, PA 15213","$2,100",(412) 548-1588,2 Bed,https://www.apartments.com/307-s-dithridge-st-pittsburgh-pa/5kgg1hp/
149,Townhome for Rent,"825 Morewood Ave, Pittsburgh, PA 15213","$2,400",(724) 733-7100,3 Bed,https://www.apartments.com/825-morewood-ave-pittsburgh-pa/4wewtsh/
150,Apartment for Rent,"15 Boundary St, Pittsburgh, PA 15213","$2,795",(724) 680-1472,4 Bed,https://www.apartments.com/15-boundary-st-pittsburgh-pa/jw0vsc6/
151,Apartment for Rent,"340 S Bouquet St, Pittsburgh, PA 15213","$1,700",(724) 313-5295,3 Bed,https://www.apartments.com/340-s-bouquet-st-pittsburgh-pa/ybt5ykr/
152,Apartment for Rent,"3812 Pier St, Pittsburgh, PA 15213","$2,850",(412) 520-8105,4 Bed,https://www.apartments.com/3812-pier-st-pittsburgh-pa/y7j30mr/
153,Apartment for Rent,"5326 5th Ave, Pittsburgh, PA 15232","$1,299",(724) 343-3448,1 Bed,https://www.apartments.com/5326-5th-ave-pittsburgh-pa/8wdxsx2/
154,Apartment for Rent,"416 Oakland Ave, Pittsburgh, PA 15213","$1,950",(724) 313-5324,3 Bed,https://www.apartments.com/416-oakland-ave-pittsburgh-pa/f0j4wts/
155,Apartment for Rent,"1 Oakland Sq, Pittsburgh, PA 15213","$2,500",(724) 313-5294,5 Bed,https://www.apartments.com/1-oakland-sq-pittsburgh-pa/39sh5bg/
156,Apartment for Rent,"3614 Dawson St, Pittsburgh, PA 15213","$1,800",(724) 470-0218,3 Bed,https://www.apartments.com/3614-dawson-st-pittsburgh-pa/d4n80dj/
157,Apartment for Rent,"3612 Dawson St, Pittsburgh, PA 15213","$1,800",(412) 212-7192,3 Bed,https://www.apartments.com/3612-dawson-st-pittsburgh-pa/c3h5kwd/
158,House for Rent,"417 Semple St, Pittsburgh, PA 15213","$2,100",(724) 313-5297,3 Bed,https://www.apartments.com/417-semple-st-pittsburgh-pa/zmnsmez/
159,Apartment for Rent,"5420 Ellsworth Ave, Pittsburgh, PA 15232","$1,100 - 1,800",,Studio - 2 Bed,https://www.apartments.com/5420-ellsworth-ave-pittsburgh-pa/4bj96zk/
160,Townhome for Rent,"416 Semple St, Pittsburgh, PA 15213","$4,200",(412) 727-8544,6 Bed,https://www.apartments.com/416-semple-st-pittsburgh-pa/fph4fgr/
161,Apartment for Rent,"418 Semple St, Pittsburgh, PA 15213","$1,800",(724) 470-0696,3 Bed,https://www.apartments.com/418-semple-st-pittsburgh-pa/n5b1nfp/
162,Apartment for Rent,"4739 Maripoe St, Pittsburgh, PA 15213",$975,(724) 733-7100,1 Bed,https://www.apartments.com/4739-maripoe-st-pittsburgh-pa/kb4ny19/
163,Apartment for Rent,"3530 Louisa St, Pittsburgh, PA 15213","$1,799",(724) 313-5312,2 Bed,https://www.apartments.com/3530-louisa-st-pittsburgh-pa/rlb3cj3/
164,Apartment for Rent,"331 McKee Plz, Pittsburgh, PA 15213","$1,250",(724) 313-5212,2 Bed,https://www.apartments.com/331-mckee-plz-pittsburgh-pa/d5r80gj/
165,Apartment for Rent,"3510 Louisa St, Pittsburgh, PA 15213","$1,799",(724) 313-5313,2 Bed,https://www.apartments.com/3510-louisa-st-pittsburgh-pa/rhxc9g3/
166,Apartment for Rent,"734 S Millvale Ave, Pittsburgh, PA 15213","$1,749",(724) 409-4416,3 Bed,https://www.apartments.com/734-s-millvale-ave-pittsburgh-pa/7dvkbcw/
167,Apartment for Rent,"732 S Millvale Ave, Pittsburgh, PA 15213","$1,490 - 1,699",(724) 470-0093,3 Bed,https://www.apartments.com/732-s-millvale-ave-pittsburgh-pa/htn7503/
168,Townhome for Rent,"3424 Ward St, Pittsburgh, PA 15213","$900 - 2,000",,1-4 Bed,https://www.apartments.com/3424-ward-st-pittsburgh-pa/t3zw7bb/
169,House for Rent,"3377 Parkview Ave, Pittsburgh, PA 15213","$2,400",(412) 923-4140,4 Bed,https://www.apartments.com/3377-parkview-ave-pittsburgh-pa/jjcpy64/
170,House for Rent,"4 Welsford St, Pittsburgh, PA 15213","$4,200",(724) 313-5311,6 Bed,https://www.apartments.com/4-welsford-st-pittsburgh-pa/ebdfs1n/
171,Apartment for Rent,"3501 Boulevard of the Allies Blvd, Pittsburgh, PA 15213","$1,300",(724) 417-9658,2 Bed,https://www.apartments.com/3501-boulevard-of-the-allies-blvd-pittsburgh-pa/15dwhq4/
172,Apartment for Rent,"212 Coltart Ave, Pittsburgh, PA 15213","$2,670",(724) 680-1469,4 Bed,https://www.apartments.com/212-coltart-ave-pittsburgh-pa/ewxvm2p/
173,Townhome for Rent,"3332 Parkview Ave, Pittsburgh, PA 15213","$1,975",(412) 506-8456,3 Bed,https://www.apartments.com/3332-parkview-ave-pittsburgh-pa/f6m1j3s/
174,House for Rent,"3325 Parkview Ave, Pittsburgh, PA 15213","$2,200",(724) 470-0768,4 Bed,https://www.apartments.com/3325-parkview-ave-pittsburgh-pa/kljwctb/
175,Apartment for Rent,"706 Summerlea St, Pittsburgh, PA 15232","$1,625",(412) 329-4812,2 Bed,https://www.apartments.com/706-summerlea-st-pittsburgh-pa/xbljjnn/
176,Apartment for Rent,"708 Summerlea St, Pittsburgh, PA 15232","$1,625",(412) 329-4786,2 Bed,https://www.apartments.com/708-summerlea-st-pittsburgh-pa/jdn4ys6/
177,House for Rent,"3312 Juliet St, Pittsburgh, PA 15213","$2,200",(724) 470-0766,4 Bed,https://www.apartments.com/3312-juliet-st-pittsburgh-pa/f0y08vv/
178,Condo for Rent,"5570 Centre Ave, Pittsburgh, PA 15232","$1,800",(724) 933-8500,1 Bed,https://www.apartments.com/5570-centre-ave-pittsburgh-pa/wvx1kdh/
179,Condo for Rent,"5570 Centre Ave, Pittsburgh, PA 15232","$2,400",(412) 655-0400,2 Bed,https://www.apartments.com/5570-centre-ave-pittsburgh-pa/2m9ty09/
180,Townhome for Rent,"4735 Juniper St, Pittsburgh, PA 15224","$1,100",(412) 506-8457,2 Bed,https://www.apartments.com/4735-juniper-st-pittsburgh-pa/zn5e1cw/
181,Apartment for Rent,"447 S Atlantic Ave, Pittsburgh, PA 15224","$1,025",(412) 506-8436,1 Bed,https://www.apartments.com/447-s-atlantic-ave-pittsburgh-pa/jr6znt6/
182,Condo for Rent,"3254 Niagara Sq, Pittsburgh, PA 15213","$1,200",,1 Bed,https://www.apartments.com/3254-niagara-sq-pittsburgh-pa-unit-3254/f4p5vpt/
183,Apartment for Rent,"420 S Graham St, Pittsburgh, PA 15232",$925 - 950,(412) 430-0589,2 Bed,https://www.apartments.com/420-s-graham-st-pittsburgh-pa/hsr4y63/
184,House for Rent,"4767 Cypress St, Pittsburgh, PA 15224","$1,250",(412) 799-6772,2 Bed,https://www.apartments.com/4767-cypress-st-pittsburgh-pa/8vqjc61/
185,Apartment for Rent,"705 Cherokee St, Pittsburgh, PA 15219","$1,800",(724) 733-7100,3 Bed,https://www.apartments.com/705-cherokee-st-pittsburgh-pa/5nhl2zm/
186,House for Rent,"428 Garnet Way, Pittsburgh, PA 15224","$1,795",(724) 470-0784,3 Bed,https://www.apartments.com/428-garnet-way-pittsburgh-pa/50gdzwp/
187,House for Rent,"3142 Bates St, Pittsburgh, PA 15213","$1,200",(412) 506-8704,4 Bed,https://www.apartments.com/3142-bates-st-pittsburgh-pa/9gpvgn6/
188,Townhome for Rent,"361 Ophelia St, Pittsburgh, PA 15213","$2,800",,4 Bed,https://www.apartments.com/361-ophelia-st-pittsburgh-pa/d1y6f3l/
189,House for Rent,"3217 Joe Hammer Square, Pittsburgh, PA 15213","$3,050",(412) 429-4339,5 Bed,https://www.apartments.com/3217-joe-hammer-square-pittsburgh-pa/f27l50v/
190,Apartment for Rent,"29 Lawn St, Pittsburgh, PA 15213","$1,700",(412) 927-3405,4 Bed,https://www.apartments.com/29-lawn-st-pittsburgh-pa/dlzth5j/
191,Apartment for Rent,"5552 Covode St, Pittsburgh, PA 15217",$895,(724) 602-9730,1 Bed,https://www.apartments.com/5552-covode-st-pittsburgh-pa/v4peczd/
192,Apartment for Rent,"254 S Mathilda St, Pittsburgh, PA 15224","$1,600",(412) 212-3462,2 Bed,https://www.apartments.com/254-s-mathilda-st-pittsburgh-pa/jmenb85/
193,Apartment for Rent,"5635 Hobart St, Pittsburgh, PA 15217",$850 - 870,(412) 557-7973,1 Bed,https://www.apartments.com/5635-hobart-st-pittsburgh-pa/mmbb84h/
194,Apartment for Rent,"5637 Hobart St, Pittsburgh, PA 15217",$815 - 830,(412) 314-1018,1 Bed,https://www.apartments.com/5637-hobart-st-pittsburgh-pa/kgve868/
195,Apartment for Rent,"5813 Bartlett St, Pittsburgh, PA 15217",$925,(724) 972-0255,1 Bed,https://www.apartments.com/5813-bartlett-st-pittsburgh-pa/8bs27j2/
196,Apartment for Rent,"5703 Hobart St, Pittsburgh, PA 15217","$1,199",(412) 218-0238,1 Bed,https://www.apartments.com/5703-hobart-st-pittsburgh-pa/y4d55yr/
197,Apartment for Rent,"265 Gross St, Pittsburgh, PA 15224","$1,120",(412) 357-4286,2 Bed,https://www.apartments.com/265-gross-st-pittsburgh-pa/q0lydkx/
198,Apartment for Rent,"880 Flemington St, Pittsburgh, PA 15217",Call for Rent,(412) 521-5500,2 Bed,https://www.apartments.com/880-flemington-st-pittsburgh-pa/bgf66pc/
199,Apartment for Rent,"5862 Forbes Ave, Pittsburgh, PA 15217",$770,(412) 253-6539,Studio,https://www.apartments.com/5862-forbes-ave-pittsburgh-pa/m6swwjk/
200,Apartment for Rent,"853 Mirror St, Pittsburgh, PA 15217",$800,(412) 688-6031,1 Bed,https://www.apartments.com/853-mirror-st-pittsburgh-pa/brv4fy8/
201,House for Rent,"4412 Milgate St, Pittsburgh, PA 15224","$1,700",(724) 733-7100,3 Bed,https://www.apartments.com/4412-milgate-st-pittsburgh-pa/ld3cdbe/
202,Townhome for Rent,"509 Farnsworth St, Pittsburgh, PA 15207",$995,(724) 313-5341,2 Bed,https://www.apartments.com/509-farnsworth-st-pittsburgh-pa/dyks67k/
203,House for Rent,"524 Farnsworth St, Pittsburgh, PA 15207","$1,270",,2 Bed,https://www.apartments.com/524-farnsworth-st-pittsburgh-pa/rqeclr1/
204,Apartment for Rent,"2309 Eldridge St, Pittsburgh, PA 15217","$1,380",(407) 542-9089,2 Bed,https://www.apartments.com/2309-eldridge-st-pittsburgh-pa/zhdbe4z/
205,Townhome for Rent,"4823 Broad St, Pittsburgh, PA 15224","$1,400",(412) 200-7917,2 Bed,https://www.apartments.com/4823-broad-st-pittsburgh-pa/g633x1z/
206,Townhome for Rent,"4823 Broad St, Pittsburgh, PA 15224","$1,400",(724) 933-8500,2 Bed,https://www.apartments.com/4823-broad-st-pittsburgh-pa/fyp4mbr/
207,Townhome for Rent,"4018 Murray Ave, Pittsburgh, PA 15217","$1,750",(724) 933-6300,3 Bed,https://www.apartments.com/4018-murray-ave-pittsburgh-pa/v1r9wee/
208,House for Rent,"3459 Denny St, Pittsburgh, PA 15201","$1,700",(412) 927-4557,3 Bed,https://www.apartments.com/3459-denny-st-pittsburgh-pa/b2zkl7b/
209,Apartment for Rent,"210 N Highland Ave, Pittsburgh, PA 15206","$1,150",(412) 521-2222,1 Bed,https://www.apartments.com/210-n-highland-ave-pittsburgh-pa/wzhkb0k/
210,Apartment for Rent,"6225 Monitor St, Pittsburgh, PA 15217","$1,600",(724) 860-6263,2 Bed,https://www.apartments.com/6225-monitor-st-pittsburgh-pa/zjkvplx/
211,Townhome for Rent,"225 Tasso St, Pittsburgh, PA 15207","$1,500",(412) 430-4420,2 Bed,https://www.apartments.com/225-tasso-st-pittsburgh-pa/1x40vn5/
212,Townhome for Rent,"225 Tasso St, Pittsburgh, PA 15207","$1,500",(412) 521-2222,2 Bed,https://www.apartments.com/225-tasso-st-pittsburgh-pa/9c7j8y6/
213,Townhome for Rent,"2355 Tilbury Ave, Pittsburgh, PA 15217","$1,695",,3 Bed,https://www.apartments.com/2355-tilbury-ave-pittsburgh-pa/t942db8/
214,House for Rent,"2336 Carey Way, Pittsburgh, PA 15203",$950,(412) 506-8750,2 Bed,https://www.apartments.com/2336-carey-way-pittsburgh-pa/0pc76q3/
215,Apartment for Rent,"1125 Greenfield Ave, Pittsburgh, PA 15217","$1,495",(786) 598-2787,4 Bed,https://www.apartments.com/1125-greenfield-ave-pittsburgh-pa/wzslhek/
216,Townhome for Rent,"515 N Beatty St, Pittsburgh, PA 15206","$1,250",(724) 933-6300,2 Bed,https://www.apartments.com/515-n-beatty-st-pittsburgh-pa/89rhz43/
217,House for Rent,"2578 Beechwood Blvd, Pittsburgh, PA 15217","$1,950",(724) 933-6300,3 Bed,https://www.apartments.com/2578-beechwood-blvd-pittsburgh-pa/xyp023m/
218,House for Rent,"2124 Sidney St, Pittsburgh, PA 15203","$3,100",(412) 368-6814,5 Bed,https://www.apartments.com/2124-sidney-st-pittsburgh-pa/c4x5cjf/
219,Townhome for Rent,"325 N Murtland St, Pittsburgh, PA 15208","$1,450",(412) 506-8752,3 Bed,https://www.apartments.com/325-n-murtland-st-pittsburgh-pa/4xchnkh/
220,Apartment for Rent,"133 S 22nd St, Pittsburgh, PA 15203","$1,650",(724) 313-5340,2 Bed,https://www.apartments.com/133-s-22nd-st-pittsburgh-pa/j7nmrk4/
221,House for Rent,"1917 Wharton St, Pittsburgh, PA 15203","$1,495",,3 Bed,https://www.apartments.com/1917-wharton-st-pittsburgh-pa/j3e57z4/
222,Apartment for Rent,"6730 McPherson Blvd, Pittsburgh, PA 15208","$1,295",(412) 521-2222,3 Bed,https://www.apartments.com/6730-mcpherson-blvd-pittsburgh-pa/xw8f5vp/
223,Apartment for Rent,"6721 McPherson Blvd, Pittsburgh, PA 15208",$995,(724) 313-5321,1 Bed,https://www.apartments.com/6721-mcpherson-blvd-pittsburgh-pa/fyref9r/
224,Condo for Rent,"2419 Smallman St, Pittsburgh, PA 15222","$3,600",(724) 933-6300,2 Bed,https://www.apartments.com/2419-smallman-st-pittsburgh-pa/keb6619/
225,Apartment for Rent,"2015 Jane St, Pittsburgh, PA 15203","$1,450",(844) 323-8180,3 Bed,https://www.apartments.com/2015-jane-st-pittsburgh-pa/chhvs0g/
226,House for Rent,"49 Sterling St, Pittsburgh, PA 15203","$2,000",(412) 368-0462,4 Bed,https://www.apartments.com/49-sterling-st-pittsburgh-pa/tgfx4db/
227,Apartment for Rent,"525 Larimer Ave, pittsburgh, PA 15206",$725,(724) 633-9085,1 Bed,https://www.apartments.com/525-larimer-ave-pittsburgh-pa/01504x1/
228,Apartment for Rent,"1709 E Carson St, Pittsburgh, PA 15203","$1,100 - 1,300",,2 Bed,https://www.apartments.com/1709-e-carson-st-pittsburgh-pa/zyeg7xz/
229,Apartment for Rent,"1410 E Carson St, Pittsburgh, PA 15203","$1,350",(412) 520-8377,3 Bed,https://www.apartments.com/1410-e-carson-st-pittsburgh-pa/dztt8dj/
230,Apartment for Rent,"1300 Muriel St, Pittsburgh, PA 15203","$1,800",(724) 305-9956,2 Bed,https://www.apartments.com/1300-muriel-st-pittsburgh-pa/l0h14pg/
231,Apartment for Rent,"1035 Chislett St, Pittsburgh, PA 15206","$1,350 - 1,400",(412) 499-3063,1-2 Bed,https://www.apartments.com/1035-chislett-st-pittsburgh-pa/8rks620/
232,Townhome for Rent,"21 Saint Leo St, Pittsburgh, PA 15203","$1,650",(724) 323-0595,2 Bed,https://www.apartments.com/21-saint-leo-st-pittsburgh-pa/q4prxbw/
233,Apartment for Rent,"1628 Lowrie St, Pittsburgh, PA 15212",$895,,2 Bed,https://www.apartments.com/1628-lowrie-st-pittsburgh-pa/npyw9vq/
234,Apartment for Rent,"1506 Hatteras St, Pittsburgh, PA 15212","$1,700",,4 Bed,https://www.apartments.com/1506-hatteras-st-pittsburgh-pa/tx05d38/
235,Apartment for Rent,"1823 Niggel St, Pittsburgh, PA 15212",$650,(724) 313-5323,1 Bed,https://www.apartments.com/1823-niggel-st-pittsburgh-pa/5w1ng9n/
236,Townhome for Rent,"5214 Carnegie St, Pittsburgh, PA 15201","$1,795",(724) 933-6300,2 Bed,https://www.apartments.com/5214-carnegie-st-pittsburgh-pa/h1rv011/
237,Apartment for Rent,"573 S Braddock Ave, Pittsburgh, PA 15221","$1,450",(412) 275-0807,3 Bed,https://www.apartments.com/573-s-braddock-ave-pittsburgh-pa/25j4538/
238,Townhome for Rent,"1630 Waterfront Pl, Pittsburgh, PA 15222","$6,500",(412) 367-3200,3 Bed,https://www.apartments.com/1630-waterfront-pl-pittsburgh-pa/ds2q58l/
239,Apartment for Rent,"816 S Braddock Ave, Pittsburgh, PA 15221",$995,(724) 313-5303,2 Bed,https://www.apartments.com/816-s-braddock-ave-pittsburgh-pa/mh6z8nk/
240,Apartment for Rent,"201 Stanton Ave, Pittsburgh, PA 15209","$1,180",(412) 545-1203,1 Bed,https://www.apartments.com/201-stanton-ave-pittsburgh-pa/54mw2rm/
241,Condo for Rent,"824 Liberty Ave, Pittsburgh, PA 15222","$7,500",(412) 471-4900,3 Bed,https://www.apartments.com/824-liberty-ave-pittsburgh-pa/v6mxr1d/
242,Apartment for Rent,"313 S Trenton Ave, Pittsburgh, PA 15221","$1,099",(724) 343-3450,1 Bed,https://www.apartments.com/313-s-trenton-ave-pittsburgh-pa/rkpt3r1/
243,Apartment for Rent,"327 West St, Pittsburgh, PA 15221",$915,(724) 343-3447,1 Bed,https://www.apartments.com/327-west-st-pittsburgh-pa/z8dzr2y/
244,Condo for Rent,"301 Fifth Ave, Pittsburgh, PA 15222","$5,600",(412) 471-4900,3 Bed,https://www.apartments.com/301-fifth-ave-pittsburgh-pa/90ntxf4/
245,Condo for Rent,"301 Fifth Ave, Pittsburgh, PA 15222","$2,500",(412) 471-4900,2 Bed,https://www.apartments.com/301-fifth-ave-pittsburgh-pa/5wndtvn/
246,Condo for Rent,"301 Fifth Ave, Pittsburgh, PA 15222","$2,500",(412) 471-4900,2 Bed,https://www.apartments.com/301-fifth-ave-pittsburgh-pa/0yhnv82/
247,Townhome for Rent,"427 Biddle Ave, Pittsburgh, PA 15221","$1,191",(724) 343-3449,2 Bed,https://www.apartments.com/427-biddle-ave-pittsburgh-pa/jjcwlg6/
248,Apartment for Rent,"341 4th Ave, Pittsburgh, PA 15222","$1,250 - 2,100",(412) 457-8205,2-4 Bed,https://www.apartments.com/341-4th-ave-pittsburgh-pa/t7pcmeb/
249,Apartment for Rent,"429 Kelly Ave, Pittsburgh, PA 15221",$819,(724) 343-3443,1 Bed,https://www.apartments.com/429-kelly-ave-pittsburgh-pa/envr3nm/
250,Apartment for Rent,"1700 Morningside Ave, Pittsburgh, PA 15206","$1,595",(412) 357-4914,2 Bed,https://www.apartments.com/1700-morningside-ave-pittsburgh-pa/94bp1w7/
251,Townhome for Rent,"418 Cathedral Ave, Pittsburgh, PA 15210",$900,,2 Bed,https://www.apartments.com/418-cathedral-ave-pittsburgh-pa/vpt7xjf/
252,Condo for Rent,"306 Fourth Ave, Pittsburgh, PA 15222","$2,200",(412) 471-4900,2 Bed,https://www.apartments.com/306-fourth-ave-pittsburgh-pa/fs9kq0r/
253,Condo for Rent,"300 Fourth Ave, Pittsburgh, PA 15222","$3,500",(724) 933-6300,2 Bed,https://www.apartments.com/300-fourth-ave-pittsburgh-pa/chnd6lf/
254,Condo for Rent,"300 Fourth Ave, Pittsburgh, PA 15222","$2,400",(412) 471-4900,2 Bed,https://www.apartments.com/300-fourth-ave-pittsburgh-pa/tpszl18/
255,Nevilletree,"320 N Neville St, Pittsburgh, PA 15213",$725 - 810,(844) 245-6890,Studio,https://www.apartments.com/nevilletree-pittsburgh-pa/ge5ckmz/
256,409 Oakland Ave,"409 Oakland Ave, Pittsburgh, PA 15213","$2,750",(844) 865-4701,4 Bed,https://www.apartments.com/409-oakland-ave-pittsburgh-pa/mmdzbfk/
257,407 Oakland Ave,"407 Oakland Ave, Pittsburgh, PA 15213","$740 - 2,750",(844) 482-6778,Studio - 4 Bed,https://www.apartments.com/407-oakland-ave-pittsburgh-pa/jgysl24/
258,"3 br, 2 bath House - 416 oakland ave #3","416 Oakland Ave, Pittsburgh, PA 15213","$1,950",(412) 414-9629,3 Bed,https://www.apartments.com/3-br-2-bath-house-416-oakland-ave-3-pittsburgh-pa/j9xg5t7/
259,4610 Truro Pl,"4610 Truro Pl, Pittsburgh, PA 15213","$2,000",(412) 287-5712,4 Bed,https://www.apartments.com/4610-truro-pl-pittsburgh-pa/knppsrc/
260,10 Melba Pl,"10 Melba Pl, Pittsburgh, PA 15213","$2,000",(412) 287-5712,3 Bed,https://www.apartments.com/10-melba-pl-pittsburgh-pa/q4zf00w/
261,350 Melwood Ave,"350 Melwood Ave, Pittsburgh, PA 15213","$4,000",(412) 609-5063,5 Bed,https://www.apartments.com/350-melwood-ave-pittsburgh-pa/7b2lycy/
262,323 Semple St,"323 Semple St, Pittsburgh, PA 15213","$3,600",(412) 287-5712,5 Bed,https://www.apartments.com/323-semple-st-pittsburgh-pa/c08zptd/
263,3417 Dawson St,"3417 Dawson St, Pittsburgh, PA 15213","$2,100",(412) 860-5787,3 Bed,https://www.apartments.com/3417-dawson-st-pittsburgh-pa/w06syhj/
264,3417 Dawson St,"3417 Dawson St, Pittsburgh, PA 15213","$3,500",(412) 860-5787,5 Bed,https://www.apartments.com/3417-dawson-st-pittsburgh-pa/3mpw2yd/
265,3417 Dawson St,"3417 Dawson St, Pittsburgh, PA 15213","$1,000",(412) 860-5787,1 Bed,https://www.apartments.com/3417-dawson-st-pittsburgh-pa/q6w801x/
266,3417 Dawson St,"3417 Dawson St, Pittsburgh, PA 15213","$1,550",(412) 860-5787,2 Bed,https://www.apartments.com/3417-dawson-st-pittsburgh-pa/hh7nyn1/
267,"2 br, 2 bath House - 3424 1/2 Ward St., Lower","3424 1/2 Ward St, Pittsburgh, PA 15213","$1,350",(412) 242-1400,2 Bed,https://www.apartments.com/2-br-2-bath-house-3424-1-2-ward-st-lower-pittsburgh-pa/51vwc9m/
268,Arlington Houses,"525-529 S Aiken Ave, Pittsburgh, PA 15232","$1,390",(844) 274-5066,2 Bed,https://www.apartments.com/arlington-houses-pittsburgh-pa/nr1dp6m/
269,3617 Boulevard of the Allies,"3617 Boulevard of the Allies, Pittsburgh, PA 15213","$1,999",(412) 467-6678,3 Bed,https://www.apartments.com/3617-boulevard-of-the-allies-pittsburgh-pa/0c6xc33/
270,3889 Bigelow Blvd,"3889 Bigelow Blvd, Pittsburgh, PA 15213","$3,800",(412) 287-5712,6 Bed,https://www.apartments.com/3889-bigelow-blvd-pittsburgh-pa/kwfcdr8/
271,Kings Arms Apartments,"800 S Negley Ave, Pittsburgh, PA 15232","$840 - 1,340",(412) 533-5548,Studio - 2 Bed,https://www.apartments.com/kings-arms-apartments-pittsburgh-pa/kmszvc8/
272,"4 br, 2 bath House - 3325 1/2 Parkview","3349 1/2 Parkview Ave, Pittsburgh, PA 15213","$2,200",(412) 414-9629,4 Bed,https://www.apartments.com/4-br-2-bath-house-3325-1-2-parkview-pittsburgh-pa/6w7lb6t/
273,622 Gross St,"622 Gross St, Pittsburgh, PA 15224","$3,000",(412) 216-8777,2 Bed,https://www.apartments.com/622-gross-st-pittsburgh-pa/phr17ls/
274,3316 Hardie way,"3316 Hardie Way, Pittsburgh, PA 15213","$1,050",(412) 418-6301,2 Bed,https://www.apartments.com/3316-hardie-way-pittsburgh-pa/mjzh95l/
275,"4 br, 1.5 bath House - 3325 Parkview 1","3325 Parkview Ave, Pittsburgh, PA 15213","$2,200",(412) 414-9629,4 Bed,https://www.apartments.com/4-br-15-bath-house-3325-parkview-1-pittsburgh-pa/h34sfy0/
276,3304 Ward St,"3304 Ward St, Pittsburgh, PA 15213","$1,895",(412) 467-6678,5 Bed,https://www.apartments.com/3304-ward-st-pittsburgh-pa/ghs65pz/
277,17 Edith Place,"17 Edith Pl, Pittsburgh, PA 15213","$1,000",(412) 551-0070,2 Bed,https://www.apartments.com/17-edith-place-pittsburgh-pa/qwh3rzy/
278,"4 br, 2 bath House - 3312 juliet st 1","3312 Juliet St, Pittsburgh, PA 15213","$2,200",(412) 414-9629,4 Bed,https://www.apartments.com/4-br-2-bath-house-3312-juliet-st-1-pittsburgh-pa/45nzhth/
279,"3 br, 1 bath House - 202 Chesterfield Rd","202 Chesterfield Rd, Pittsburgh, PA 15213",$945,(724) 307-5470,3 Bed,https://www.apartments.com/3-br-1-bath-house-202-chesterfield-rd-pittsburgh-pa/se1m1q4/
280,5730 Holden St Unit Apartment #2R,"5730 Holden St, Pittsburgh, PA 15232","$1,295",(484) 552-9043,1 Bed,https://www.apartments.com/5730-holden-st-pittsburgh-pa-unit-apartment-2r/2mpz8dc/
281,BRETT,"5715 Ellsworth Ave, Pittsburgh, PA 15232","$770 - 1,465",(412) 506-8707,Studio - 2 Bed,https://www.apartments.com/brett-pittsburgh-pa/fn6hlcv/
282,"4 br, 1 bath House - 149 Chesterfield Rd","149 Chesterfield Rd, Pittsburgh, PA 15213","$1,795",(412) 676-7286,4 Bed,https://www.apartments.com/4-br-1-bath-house-149-chesterfield-rd-pittsburgh-pa/eq5xrtn/
283,"3 br, 2 bath House - 5628 Northumberland St","5628 Northumberland St, Pittsburgh, PA 15217","$1,995",(412) 676-7286,3 Bed,https://www.apartments.com/3-br-2-bath-house-5628-northumberland-st-pittsburgh-pa/4f478qk/
284,Spacious 3 Bedroom in Schenley Heights,"727 Clarissa St, Pittsburgh, PA 15219","$1,250",(412) 729-3000,3 Bed,https://www.apartments.com/spacious-3-bedroom-in-schenley-heights-pittsburgh-pa/1yjqcb6/
285,Tammerlane,"5812 Howe St, Pittsburgh, PA 15232",$665,(844) 868-9956,Studio,https://www.apartments.com/tammerlane-pittsburgh-pa/78h3qbw/
286,Hollendon Apartments,"1723 Wightman St, Pittsburgh, PA 15217","$1,350",(844) 379-5356,2 Bed,https://www.apartments.com/hollendon-apartments-pittsburgh-pa/zcg396w/
287,5714 Woodmont St,"5714 Woodmont St, Pittsburgh, PA 15217",$925,(724) 242-8241,2 Bed,https://www.apartments.com/5714-woodmont-st-pittsburgh-pa/rqk3882/
288,417 Lawn St,"417 Lawn St, Pittsburgh, PA 15213",$995,(412) 520-7684,2 Bed,https://www.apartments.com/417-lawn-st-pittsburgh-pa/xdv1frq/
289,"4 br, 1 bath House - 3205 JOE HAMMER SQUARE","3205 Joe Hammer Square, Pittsburgh, PA 15213","$1,395",(412) 246-9209,4 Bed,https://www.apartments.com/4-br-1-bath-house-3205-joe-hammer-square-pittsburgh-pa/66dwe0s/
290,323 W Penn Pl,"323 W Penn Pl, Pittsburgh, PA 15224","$1,975",(833) 634-0811,3 Bed,https://www.apartments.com/323-w-penn-pl-pittsburgh-pa/0ywfk62/
291,600 South Highland Apartments,"600 S Highland Ave, Pittsburgh, PA 15206","$1,199 - 1,250",(844) 502-7919,1 Bed,https://www.apartments.com/600-south-highland-apartments-pittsburgh-pa/1gbv7f7/
292,Beacon Commons,"5629 Beacon St, Pittsburgh, PA 15217","$2,510 - 3,675",(844) 841-9202,3 Bed,https://www.apartments.com/beacon-commons-pittsburgh-pa/2cksrk9/
293,316 S Mathilda St,"316 S Mathilda St, Pittsburgh, PA 15224",$915,(844) 878-5071,1 Bed,https://www.apartments.com/316-s-mathilda-st-pittsburgh-pa/4b6t8zh/
294,Hobart Court,"5559 Hobart St, Pittsburgh, PA 15217","$1,168 - 1,758",(844) 279-9804,1 Bed,https://www.apartments.com/hobart-court-pittsburgh-pa/xr1kdlp/
295,3341 McNeil Pl,"3341 McNeil Pl, Pittsburgh, PA 15219","$1,450",(949) 312-9710,3 Bed,https://www.apartments.com/3341-mcneil-pl-pittsburgh-pa/tmxcw99/
296,Hobart/Wightman Apartments,"2041-2043 Wightman St, Pittsburgh, PA 15217",$980,(412) 368-2650,1 Bed,https://www.apartments.com/hobart-wightman-apartments-pittsburgh-pa/7fjrw7y/
297,Walnut on the Park,"5326 Pocusset St, Pittsburgh, PA 15217","$1,376 - 2,036",(844) 787-1625,1-2 Bed,https://www.apartments.com/walnut-on-the-park-pittsburgh-pa/f74fvhv/
298,Wightman Street,"2129-2135 Wightman, Pittsburgh, PA 15217","$1,227 - 1,757",(844) 717-9603,1 Bed,https://www.apartments.com/wightman-street-pittsburgh-pa/xbzj7fm/
299,229 S Fairmount St,"229 S Fairmount St, Pittsburgh, PA 15206","$1,275",(412) 665-0500,2 Bed,https://www.apartments.com/229-s-fairmount-st-pittsburgh-pa/4qqq7mk/
300,247 S Saint Clair,"247 S St Clair St, Pittsburgh, PA 15206","$1,450",(412) 418-6301,2 Bed,https://www.apartments.com/247-s-saint-clair-pittsburgh-pa/zp11pdz/
301,247 S Saint Clair,"247 S St Clair St, Pittsburgh, PA 15206","$1,650",(412) 418-6301,3 Bed,https://www.apartments.com/247-s-saint-clair-pittsburgh-pa/deyqkbl/
302,5644 Hempstead Road.,"5644 Hempstead Rd, Pittsburgh, PA 15217","$1,379 - 1,864",(844) 661-9531,1 Bed,https://www.apartments.com/5644-hempstead-road-pittsburgh-pa/8jkydg3/
303,Phillips Ave Apartments,"5623-5641 Phillips Ave, Pittsburgh, PA 15217",$950,(844) 631-0930,1 Bed,https://www.apartments.com/phillips-ave-apartments-pittsburgh-pa/ck2ph7f/
304,"4 br, 2 bath House - 4629 Torley Street","4629 Torley St, Pittsburgh, PA 15224","$1,400",(412) 904-1083,4 Bed,https://www.apartments.com/4-br-2-bath-house-4629-torley-street-pittsburgh-pa/tthgw9c/
305,"3 br, 2.5 bath House - 5121 Dearborn St","5121 Dearborn St, Pittsburgh, PA 15224","$2,500",(412) 676-7286,3 Bed,https://www.apartments.com/3-br-25-bath-house-5121-dearborn-st-pittsburgh-pa/9409m46/
306,"3 br, 1 bath House - 4013 Howley St","4013 Howley St, Pittsburgh, PA 15224","$1,375",(412) 690-5544,3 Bed,https://www.apartments.com/3-br-1-bath-house-4013-howley-st-pittsburgh-pa/t189lh9/
307,319 Hancock St,"319 Hancock St, Pittsburgh, PA 15219","$1,350",(484) 552-9043,2 Bed,https://www.apartments.com/319-hancock-st-pittsburgh-pa/nw6zjtq/
308,"2 br, 2 bath House - 343 Rennig Street","343 Rennig St, Pittsburgh, PA 15206","$1,595",(412) 600-5952,2 Bed,https://www.apartments.com/2-br-2-bath-house-343-rennig-street-pittsburgh-pa/v8k2tpe/
309,"2 br, 1 bath House - 341 Rennig Street","341 Rennig St, Pittsburgh, PA 15206","$1,395",(412) 600-5952,2 Bed,https://www.apartments.com/2-br-1-bath-house-341-rennig-street-pittsburgh-pa/7p0lefw/
310,"3 br, 2.5 bath House - 315 37th Street","315 37th St, Pittsburgh, PA 15201","$3,000",(412) 621-4689,3 Bed,https://www.apartments.com/3-br-25-bath-house-315-37th-street-pittsburgh-pa/16bs5h6/
311,1 bedroom in Pittsburgh PA 15201,"3704 Penn Ave, Pittsburgh, PA 15201","$1,100",(412) 314-1813,1 Bed,https://www.apartments.com/1-bedroom-in-pittsburgh-pa-15201-pittsburgh-pa/hw24v40/
312,"3 br, 2 bath House - 3583 Beechwood Blvd.","3583 Beechwood Blvd, Pittsburgh, PA 15217","$2,400",(412) 716-6865,3 Bed,https://www.apartments.com/3-br-2-bath-house-3583-beechwood-blvd-pittsburgh-pa/czr0qpe/
313,3345 Penn Ave - LAWRENCEVILLE,"3345 Penn Ave, Pittsburgh, PA 15201","$3,200",(412) 860-5787,2 Bed,https://www.apartments.com/3345-penn-ave-lawrenceville-pittsburgh-pa/vqtb9ce/
314,Brass Building Lofts,"3179 Penn Ave, Pittsburgh, PA 15201","$1,950",(844) 780-1385,2 Bed,https://www.apartments.com/brass-building-lofts-pittsburgh-pa/k0nwgfb/
315,"2 br, 1 bath House - 4243 Dunkeld Way","4243 Dunkeld Way, Pittsburgh, PA 15201","$1,350",(412) 621-4689,2 Bed,https://www.apartments.com/2-br-1-bath-house-4243-dunkeld-way-pittsburgh-pa/rfts370/
316,2 bedroom 1 bath Duplex South Side!,"2417 1/2 Sarah St, Pittsburgh, PA 15203","$1,275",(412) 888-0027,2 Bed,https://www.apartments.com/2-bedroom-1-bath-duplex-south-side-pittsburgh-pa/18rf5n5/
317,1916 Tustin St,"1916 Tustin St, Pittsburgh, PA 15219","$1,200",(412) 287-5712,3 Bed,https://www.apartments.com/1916-tustin-st-pittsburgh-pa/vqy2pkf/
318,"2 br, 1 bath House - 2825 Edwards Way","2825 Edwards Way, Pittsburgh, PA 15203","$1,450",(412) 381-3900,2 Bed,https://www.apartments.com/2-br-1-bath-house-2825-edwards-way-pittsburgh-pa/j8re5k4/
319,"2 br, 1 bath House - 2823 Edwards Way","2823 Edwards Way, Pittsburgh, PA 15203","$1,450",(412) 381-3900,2 Bed,https://www.apartments.com/2-br-1-bath-house-2823-edwards-way-pittsburgh-pa/rhj4v22/
320,34 Miltenberger St,"34 Miltenberger St, Pittsburgh, PA 15219","$1,600",(412) 287-5712,4 Bed,https://www.apartments.com/34-miltenberger-st-pittsburgh-pa/c0z1p2e/
321,"3 br, 1 bath House - 31 Miltenberger","31 Miltenberger St, Pittsburgh, PA 15219","$1,500",(412) 676-7286,3 Bed,https://www.apartments.com/3-br-1-bath-house-31-miltenberger-pittsburgh-pa/2yv6rec/
322,4360 Ludwick St,"4360 Ludwick St, Pittsburgh, PA 15217","$1,750",(833) 634-0811,3 Bed,https://www.apartments.com/4360-ludwick-st-pittsburgh-pa/90ls9x7/
323,"4 br, 2 bath House - 1906 Sidney St.","1906 Sidney St, Pittsburgh, PA 15203","$2,800",(412) 381-3900,4 Bed,https://www.apartments.com/4-br-2-bath-house-1906-sidney-st-pittsburgh-pa/m829mnk/
324,"5 br, 2 bath House - 315 Mayflower St","315 Mayflower St, Pittsburgh, PA 15206","$2,100",(412) 676-7286,5 Bed,https://www.apartments.com/5-br-2-bath-house-315-mayflower-st-pittsburgh-pa/hnvdfc3/
325,"3 br, 2 bath House - 185 45th St.","185 45th St, Pittsburgh, PA 15201","$2,595",(412) 520-8090,3 Bed,https://www.apartments.com/3-br-2-bath-house-185-45th-st-pittsburgh-pa/3vcr23d/
326,"4 br, 2 bath House - 1929 Jane St.","1929 Jane St, Pittsburgh, PA 15203","$2,650",(412) 381-3900,4 Bed,https://www.apartments.com/4-br-2-bath-house-1929-jane-st-pittsburgh-pa/pnysbht/
327,131 S 19th St,"131 S 19th St, Pittsburgh, PA 15203","$2,200",(412) 913-1299,3 Bed,https://www.apartments.com/131-s-19th-st-pittsburgh-pa/0pjx132/
328,"3 br, 2 bath House - 6116 Stanton Ave","6116 Stanton Ave, Pittsburgh, PA 15206","$1,500",(412) 676-7286,3 Bed,https://www.apartments.com/3-br-2-bath-house-6116-stanton-ave-pittsburgh-pa/tsqmkkc/
329,"3 br, 1 bath House - 1826 Larkins Way","1826 Larkins Way, Pittsburgh, PA 15203","$2,000",(412) 381-3900,3 Bed,https://www.apartments.com/3-br-1-bath-house-1826-larkins-way-pittsburgh-pa/k8djgmb/
330,"4 br, 2.5 bath House - 1820 Larkins Way","1820 Larkins Way, Pittsburgh, PA 15203","$3,200",(412) 455-7900,4 Bed,https://www.apartments.com/4-br-25-bath-house-1820-larkins-way-pittsburgh-pa/tcphex9/
331,"5 br, 3 bath House - 2820 Patterson St.","2820 Patterson St, Pittsburgh, PA 15203","$2,600",(412) 381-3900,5 Bed,https://www.apartments.com/5-br-3-bath-house-2820-patterson-st-pittsburgh-pa/q4xremw/
332,"4 br, 2.5 bath House - 2724 Berg St.","2724 Berg St, Pittsburgh, PA 15203","$1,850",(412) 381-3900,4 Bed,https://www.apartments.com/4-br-25-bath-house-2724-berg-st-pittsburgh-pa/vcm72xg/
333,"3 br, 1 bath House - 1821 Jane St.","1821 Jane St, Pittsburgh, PA 15203","$1,850",(412) 381-3900,3 Bed,https://www.apartments.com/3-br-1-bath-house-1821-jane-st-pittsburgh-pa/pyytqet/
334,"4 br, 2 bath House - 66 S 17th St","66 S 17th St, Pittsburgh, PA 15203","$2,450",(412) 676-7286,4 Bed,https://www.apartments.com/4-br-2-bath-house-66-s-17th-st-pittsburgh-pa/zkz1vtz/
335,"3 br, 1 bath House - 1823 Jane St.","1823 Jane St, Pittsburgh, PA 15203","$1,950",(412) 381-3900,3 Bed,https://www.apartments.com/3-br-1-bath-house-1823-jane-st-pittsburgh-pa/2bdfl29/
336,"3 br, 2 bath House - 123 S. 17th St.","123 S 17th St, Pittsburgh, PA 15203","$2,150",(412) 381-3900,3 Bed,https://www.apartments.com/3-br-2-bath-house-123-s-17th-st-pittsburgh-pa/qz7tdxy/
337,Kingsford,"5501 Wellesley Ave, Pittsburgh, PA 15206",$955,(844) 523-5791,1 Bed,https://www.apartments.com/kingsford-pittsburgh-pa/j6s5el7/
338,135 S 17th St,"135 S 17th St, Pittsburgh, PA 15203","$2,300",(412) 888-0027,3 Bed,https://www.apartments.com/135-s-17th-st-pittsburgh-pa/s28n387/
339,"4 br, 2 bath House - 151 Pius St.","151 Pius St, Pittsburgh, PA 15203","$2,700",(412) 381-3900,4 Bed,https://www.apartments.com/4-br-2-bath-house-151-pius-st-pittsburgh-pa/q1fjnwy/
340,3 Bedroom Home in Lawrenceville,"4742 Hatfield St, Pittsburgh, PA 15201","$1,400",(412) 729-3000,3 Bed,https://www.apartments.com/3-bedroom-home-in-lawrenceville-pittsburgh-pa/ech7ytq/
341,116 S 16th St,"116 S 16th St, Pittsburgh, PA 15203","$1,700",(724) 492-1083,3 Bed,https://www.apartments.com/116-s-16th-st-pittsburgh-pa/ckcjyeg/
342,"3 br, 2 bath House - 1715 Mary Street","1715 Mary St, Pittsburgh, PA 15203","$2,200",(412) 650-0090,3 Bed,https://www.apartments.com/3-br-2-bath-house-1715-mary-street-pittsburgh-pa/hf8dd73/
343,"3 br, 1 bath House - 2319 Salisbury Street","2319 Salisbury St, Pittsburgh, PA 15210","$1,295",(484) 552-9043,3 Bed,https://www.apartments.com/3-br-1-bath-house-2319-salisbury-street-pittsburgh-pa/5pzg90q/
344,"5 br, 2 bath House - 139 S. 15th St.","139 S 15th St, Pittsburgh, PA 15203","$3,300",(412) 381-3900,5 Bed,https://www.apartments.com/5-br-2-bath-house-139-s-15th-st-pittsburgh-pa/wk2kk9k/
345,"2 br, 1 bath House - 168 S. 16th Street","168 S 16th St, Pittsburgh, PA 15203","$1,300",(412) 214-9611,2 Bed,https://www.apartments.com/2-br-1-bath-house-168-s-16th-street-pittsburgh-pa/ytwhs1r/
346,5108 Dresden Way,"5108 Dresden Way, Pittsburgh, PA 15201","$1,340",(412) 665-0500,3 Bed,https://www.apartments.com/5108-dresden-way-pittsburgh-pa/8zplhs2/
347,"3 br, 1 bath House - 7127 McPherson Blvd","7127 McPherson Blvd, Pittsburgh, PA 15208","$1,500",(412) 676-7286,3 Bed,https://www.apartments.com/3-br-1-bath-house-7127-mcpherson-blvd-pittsburgh-pa/t6nrff8/
348,167 S 15th St,"167 S 15th St, Pittsburgh, PA 15203","$2,800",(412) 531-1500,3 Bed,https://www.apartments.com/167-s-15th-st-pittsburgh-pa/t7l3bkb/
349,1921 Shamokin St,"1921 Shamokin St, Pittsburgh, PA 15203","$1,295",(412) 275-4255,3 Bed,https://www.apartments.com/1921-shamokin-st-pittsburgh-pa/n8zzxrp/
350,1420 Claim St,"1420 Claim St, Pittsburgh, PA 15212",$900,(412) 254-8908,2 Bed,https://www.apartments.com/1420-claim-st-pittsburgh-pa/p6mzsxs/
351,"2 br, 1 bath House - 1376 Herman St","1376 Herman St, Pittsburgh, PA 15212","$1,395",(412) 520-8090,2 Bed,https://www.apartments.com/2-br-1-bath-house-1376-herman-st-pittsburgh-pa/vcel9fg/
352,"3 br, 1.5 bath House - 1520 Fernleaf St","1520 Fernleaf St, Pittsburgh, PA 15210","$1,350",(412) 354-9034,3 Bed,https://www.apartments.com/3-br-15-bath-house-1520-fernleaf-st-pittsburgh-pa/mkq361h/
353,"4 br, 2 bath House - 18 Enon Way","18 Enon Way, Pittsburgh, PA 15203","$2,200",(412) 676-7286,4 Bed,https://www.apartments.com/4-br-2-bath-house-18-enon-way-pittsburgh-pa/7nsj3zw/
354,"5 br, 2 bath House - 113 S. 12th St.","113 S 12th St, Pittsburgh, PA 15203","$3,300",(412) 381-3900,5 Bed,https://www.apartments.com/5-br-2-bath-house-113-s-12th-st-pittsburgh-pa/g485w1z/
355,"2 br, 1 bath House - 5171 Dresden Way","5171 Dresden Way, Pittsburgh, PA 15201","$1,700",(412) 621-4689,2 Bed,https://www.apartments.com/2-br-1-bath-house-5171-dresden-way-pittsburgh-pa/r097k53/
356,Eaglemoor,"1137 N Highland Ave, Pittsburgh, PA 15206","$1,500",(844) 395-5746,2 Bed,https://www.apartments.com/eaglemoor-pittsburgh-pa/gd7swgw/
357,"4 br, 2 bath House - 6 Brosville St.","6 Brosville St, Pittsburgh, PA 15203","$2,700",(412) 381-3900,4 Bed,https://www.apartments.com/4-br-2-bath-house-6-brosville-st-pittsburgh-pa/fkll6rt/
358,"2 br, 1.5 bath House - 132 S 12th Street","132 S 12th St, Pittsburgh, PA 15203","$1,900",(412) 446-0064,2 Bed,https://www.apartments.com/2-br-15-bath-house-132-s-12th-street-pittsburgh-pa/6dd3xzr/
359,"5 br, 2.5 bath House - 1116 Freyburg","1116 Freyburg St, Pittsburgh, PA 15203","$2,950",(412) 676-7286,5 Bed,https://www.apartments.com/5-br-25-bath-house-1116-freyburg-pittsburgh-pa/scv7b07/
360,"3 br, 1.5 bath House - 117 S. 11th St","117 S 11th St, Pittsburgh, PA 15203","$1,925",(412) 381-3900,3 Bed,https://www.apartments.com/3-br-15-bath-house-117-s-11th-st-pittsburgh-pa/4kmtqtk/
361,"3 br, 2 bath House - 133 S. 11th St.","133 S 11th St, Pittsburgh, PA 15203","$2,100",(412) 381-3900,3 Bed,https://www.apartments.com/3-br-2-bath-house-133-s-11th-st-pittsburgh-pa/c03tbqe/
362,Hawksrest,"7510 Penn Ave, Pittsburgh, PA 15208",$850 - 860,(844) 244-4896,1 Bed,https://www.apartments.com/hawksrest-pittsburgh-pa/3x63zng/
363,"2 br, 1 bath House - 25 1/2 Tecumseh Street","1 Tecumseh St, Pittsburgh, PA 15207",$900,(610) 585-8357,2 Bed,https://www.apartments.com/2-br-1-bath-house-25-1-2-tecumseh-street-pittsburgh-pa/9htygk6/
364,310 54th St,"310 54th St, Pittsburgh, PA 15201","$1,200",(833) 634-0811,2 Bed,https://www.apartments.com/310-54th-st-pittsburgh-pa/x4p9dhp/
365,Heidelberg,"401-423 S Braddock Ave, Pittsburgh, PA 15221","$1,435",(844) 250-6458,2 Bed,https://www.apartments.com/heidelberg-pittsburgh-pa/n42j37q/
366,"2 br, 1 bath House - 1962 Waite Street","1962 Waite St, Pittsburgh, PA 15210",$945,(412) 606-6899,2 Bed,https://www.apartments.com/2-br-1-bath-house-1962-waite-street-pittsburgh-pa/503y0vm/
367,513 56th,"513 56th St, Pittsburgh, PA 15201","$1,500",,2 Bed,https://www.apartments.com/513-56th-pittsburgh-pa/eje1xem/
368,2603 Quarry St,"2603 Quarry St, Pittsburgh, PA 15210","$1,595",(412) 419-3980,3 Bed,https://www.apartments.com/2603-quarry-st-pittsburgh-pa/k70th6c/
369,1910 Rockledge St,"1910 Rockledge St, Pittsburgh, PA 15212",$867,(855) 909-4456,1 Bed,https://www.apartments.com/1910-rockledge-st-pittsburgh-pa/10l18v4/
370,Lando Lofts,"908 Penn Ave, Pittsburgh, PA 15222","$1,575 - 1,695",(855) 546-8787,1 Bed,https://www.apartments.com/lando-lofts-pittsburgh-pa/sv6eby4/
371,South Trenton Avenue 513,"513 S Trenton Ave, Pittsburgh, PA 15221","$1,290",(412) 969-3772,3 Bed,https://www.apartments.com/south-trenton-avenue-513-pittsburgh-pa/pdwwvls/
372,6 Butler St,"6 Butler St, Pittsburgh, PA 15209","$1,500",(412) 531-1500,3 Bed,https://www.apartments.com/6-butler-st-pittsburgh-pa/gtf7t5z/
373,"2 br, 1.5 bath House - 1806 Rhine St","1806 Rhine St, Pittsburgh, PA 15212",$995,(412) 676-7286,2 Bed,https://www.apartments.com/2-br-15-bath-house-1806-rhine-st-pittsburgh-pa/jpcwnz5/
374,"2 br, 1.5 bath House - 840 Blossom Way","840 Blossom Way, Pittsburgh, PA 15212","$1,175",(412) 690-5544,2 Bed,https://www.apartments.com/2-br-15-bath-house-840-blossom-way-pittsburgh-pa/dcl8nnj/
375,131-133 Brownsville Rd,"131-133 Brownsville Rd, Pittsburgh, PA 15210",$450,(412) 520-7684,1 Bed,https://www.apartments.com/131-133-brownsville-rd-pittsburgh-pa/4thy7gj/
376,"2 br, 1 bath Townhome - 418 Cathedral Ave","418 Cathedral Ave, Pittsburgh, PA 15210",$900,(814) 403-5201,2 Bed,https://www.apartments.com/2-br-1-bath-townhome-418-cathedral-ave-pittsburgh-pa/chnhk7g/
377,5000 5th Ave,"Pittsburgh, PA 15232",0,,,https://www.apartments.com/5000-5th-ave-pittsburgh-pa/mwf031k/
378,THE VERONICA,"618 Clyde St, Pittsburgh, PA 15213",0,,,https://www.apartments.com/the-veronica-pittsburgh-pa/gs4kxgx/
379,The Atrium,"307 S Dithridge St, Pittsburgh, PA 15213",0,,,https://www.apartments.com/the-atrium-pittsburgh-pa/2pcq6wc/
380,5025 5th Ave,"Pittsburgh, PA 15232",0,,,https://www.apartments.com/5025-5th-ave-pittsburgh-pa/0nkh1z1/
381,HILLMAN HOUSE,"5045 5th Ave, Pittsburgh, PA 15232",0,,,https://www.apartments.com/hillman-house-pittsburgh-pa/ecyghvq/
382,Neville House,"552 N Neville St, Pittsburgh, PA 15213",0,,,https://www.apartments.com/neville-house-pittsburgh-pa/9htcg77/
383,5023 Frew St,"5023 Frew St, Pittsburgh, PA 15213",0,,,https://www.apartments.com/5023-frew-st-pittsburgh-pa/b8r2cl9/
384,Shirley Apartments,"133 N Dithridge St, Pittsburgh, PA 15213",0,,,https://www.apartments.com/shirley-apartments-pittsburgh-pa/kr7kbq9/
385,5120 5th Ave,"Pittsburgh, PA 15232",0,,,https://www.apartments.com/5120-5th-ave-pittsburgh-pa/ssc6gs7/
386,Ruskin Hall,"120 Ruskin Ave, Pittsburgh, PA 15213",0,,,https://www.apartments.com/ruskin-hall-pittsburgh-pa/wkym9fk/
387,425 N Neville St,"Pittsburgh, PA 15213",0,,,https://www.apartments.com/425-n-neville-st-pittsburgh-pa/scrs6j4/
388,Neville Street,"414 N Neville St, Pittsburgh, PA 15213",0,,,https://www.apartments.com/neville-street-pittsburgh-pa/lxz9wqd/
389,3828 Bates St,"Pittsburgh, PA 15213",0,,,https://www.apartments.com/3828-bates-st-pittsburgh-pa/hmznz42/
390,Bruce Residence Hall,"3939-3955 Forbes Ave, Pittsburgh, PA 15213",0,,,https://www.apartments.com/bruce-residence-hall-pittsburgh-pa/fd4k5st/
391,5237 5th Ave,"Pittsburgh, PA 15232",0,,,https://www.apartments.com/5237-5th-ave-pittsburgh-pa/bvz9evc/
392,243 N DITHRIDGE,"Pittsburgh, PA 15213",0,,,https://www.apartments.com/243-n-dithridge-pittsburgh-pa/rc5n172/
393,314 N Neville St,"Pittsburgh, PA 15213",0,,,https://www.apartments.com/314-n-neville-st-pittsburgh-pa/nm40vjn/
394,315 N Neville St,"Pittsburgh, PA 15213",0,,,https://www.apartments.com/315-n-neville-st-pittsburgh-pa/wpftv2k/
395,Mark A. Nordenberg Hall,"4041 5th Ave, Pittsburgh, PA 15213",0,,,https://www.apartments.com/mark-a-nordenberg-hall-pittsburgh-pa/3c67jvg/
396,5320 5th Ave,"Pittsburgh, PA 15232",0,,,https://www.apartments.com/5320-5th-ave-pittsburgh-pa/6wh1n8v/
397,4930 Centre Ave,"Pittsburgh, PA 15213",0,,,https://www.apartments.com/4930-centre-ave-pittsburgh-pa/0ecbfq3/
398,346 Oakland Ave,"Pittsburgh, PA 15213",0,,,https://www.apartments.com/346-oakland-ave-pittsburgh-pa/325k5ee/
399,324 Oakland Ave,"Pittsburgh, PA 15213",0,,,https://www.apartments.com/324-oakland-ave-pittsburgh-pa/9thknl4/
400,294-298 Oakland Ave,"Pittsburgh, PA 15213",0,,,https://www.apartments.com/294-298-oakland-ave-pittsburgh-pa/8rb5g03/
401,Litchfield Towers - Tower C,"3990 5th Ave, Pittsburgh, PA 15213",0,,,https://www.apartments.com/litchfield-towers-tower-c-pittsburgh-pa/3ybt96d/
402,321 Melwood Ave,"Pittsburgh, PA 15213",0,,,https://www.apartments.com/321-melwood-ave-pittsburgh-pa/9q3hb26/
403,Centre Plaza,"5032 Centre Ave, Pittsburgh, PA 15213",0,,,https://www.apartments.com/centre-plaza-pittsburgh-pa/lwtg4ff/
404,422 1/2 Atwood St,"Pittsburgh, PA 15213",0,,,https://www.apartments.com/422-1-2-atwood-st-pittsburgh-pa/8pmexy3/
405,5425 5th Ave,"Pittsburgh, PA 15232",0,,,https://www.apartments.com/5425-5th-ave-pittsburgh-pa/7250pfy/
406,317 Meyran Ave,"Pittsburgh, PA 15213",0,,,https://www.apartments.com/317-meyran-ave-pittsburgh-pa/edzkqcm/
407,926 Bellefonte St,"Pittsburgh, PA 15232",0,,,https://www.apartments.com/926-bellefonte-st-pittsburgh-pa/3ybjy5d/
408,346 N Craig St,"Pittsburgh, PA 15213",0,,,https://www.apartments.com/346-n-craig-st-pittsburgh-pa/f90fc6s/
409,807 S Millvale Ave,"Pittsburgh, PA 15213",0,,,https://www.apartments.com/807-s-millvale-ave-pittsburgh-pa/szqln25/
410,755-759 Broughton St,"Pittsburgh, PA 15213",0,,,https://www.apartments.com/755-759-broughton-st-pittsburgh-pa/rx16pr1/
411,749 S Millvale Ave,"Pittsburgh, PA 15213",0,,,https://www.apartments.com/749-s-millvale-ave-pittsburgh-pa/v0xe36f/
412,ELMER,"5501 Elmer St, Pittsburgh, PA 15232",0,,,https://www.apartments.com/elmer-pittsburgh-pa/8ljvx63/
413,Parkview Estates,"3408 Parkview Ave, Pittsburgh, PA 15213",0,,,https://www.apartments.com/parkview-estates-pittsburgh-pa/1hqdtr5/
414,South Aiken Apartments,"545 S Aiken Ave, Pittsburgh, PA 15232",0,,,https://www.apartments.com/south-aiken-apartments-pittsburgh-pa/zn7gzdw/
415,Forbes Residence Hall,"3521-3525 Forbes Ave, Pittsburgh, PA 15213",0,,,https://www.apartments.com/forbes-residence-hall-pittsburgh-pa/h0yt262/
416,Dawson Village Apartments,"3429 Dawson St, Pittsburgh, PA 15213",0,,,https://www.apartments.com/dawson-village-apartments-pittsburgh-pa/h96y2x3/
417,330 Mckee Pl,"Pittsburgh, PA 15213",0,,,https://www.apartments.com/330-mckee-pl-pittsburgh-pa/4yx35gh/
418,316 Mckee Pl,"Pittsburgh, PA 15213",0,,,https://www.apartments.com/316-mckee-pl-pittsburgh-pa/jef2rn7/
419,5521 Wilkins Ave,"Pittsburgh, PA 15217",0,,,https://www.apartments.com/5521-wilkins-ave-pittsburgh-pa/0yzs4f1/
420,417 N Craig St,"Pittsburgh, PA 15213",0,,,https://www.apartments.com/417-n-craig-st-pittsburgh-pa/3v5stcf/
421,Kentley House,"5619 Kentucky Ave, Pittsburgh, PA 15232",0,,,https://www.apartments.com/kentley-house-pittsburgh-pa/ph06vwr/
422,JAMES MANOR,"5529 Ellsworth Ave, Pittsburgh, PA 15232",0,,,https://www.apartments.com/james-manor-pittsburgh-pa/lf22pwf/
423,525 Aspen St,"Pittsburgh, PA 15224",0,,,https://www.apartments.com/525-aspen-st-pittsburgh-pa/stqsqk7/
424,724 S Negley Ave,"Pittsburgh, PA 15232",0,,,https://www.apartments.com/724-s-negley-ave-pittsburgh-pa/d2tv1hk/
425,704 S Negley Ave,"Pittsburgh, PA 15232",0,,,https://www.apartments.com/704-s-negley-ave-pittsburgh-pa/cpbpe1f/
426,3305 Dawson St,"Pittsburgh, PA 15213",0,,,https://www.apartments.com/3305-dawson-st-pittsburgh-pa/hnxtm53/
427,528-530 S Winebiddle St,"Pittsburgh, PA 15224",0,,,https://www.apartments.com/528-530-s-winebiddle-st-pittsburgh-pa/8gp78v2/
428,Bloomfield Lofts,"4926 Cypress St, Pittsburgh, PA 15224",0,,,https://www.apartments.com/bloomfield-lofts-pittsburgh-pa/p2z2nks/
429,5737 5th Ave,"Pittsburgh, PA 15232",0,,,https://www.apartments.com/5737-5th-ave-pittsburgh-pa/kvllcgc/
430,Shadyside Rentals,"5501 Centre Ave, Pittsburgh, PA 15232",0,,,https://www.apartments.com/shadyside-rentals-pittsburgh-pa/ycfk0bt/
431,Gracen Court,"5522 Centre Ave, Pittsburgh, PA 15232",0,,,https://www.apartments.com/gracen-court-pittsburgh-pa/m9ylfhl/
432,Thames Manor,"585-587 S Negley Ave, Pittsburgh, PA 15232",0,,,https://www.apartments.com/thames-manor-pittsburgh-pa/dys25wj/
433,425 S Pacific Ave,"Pittsburgh, PA 15224",0,,,https://www.apartments.com/425-s-pacific-ave-pittsburgh-pa/0bqb9z1/
434,5754 Howe St,"Pittsburgh, PA 15232",0,,,https://www.apartments.com/5754-howe-st-pittsburgh-pa/ympjhlr/
435,720 Edmond St,"Pittsburgh, PA 15224",0,,,https://www.apartments.com/720-edmond-st-pittsburgh-pa/xx4c8xp/
436,3801 Bigelow Blvd,"Pittsburgh, PA 15213",0,,,https://www.apartments.com/3801-bigelow-blvd-pittsburgh-pa/vbwkzld/
437,Demolished,"5518 Baum Blvd, Pittsburgh, PA 15232",0,,,https://www.apartments.com/demolished-pittsburgh-pa/js4ccp5/
438,5535 Centre Ave,"Pittsburgh, PA 15232",0,,,https://www.apartments.com/5535-centre-ave-pittsburgh-pa/sfe5l74/
439,Walnut on Wightman,"5560 Forbes Ave, Pittsburgh, PA 15217",0,,,https://www.apartments.com/walnut-on-wightman-pittsburgh-pa/cktm3zd/
440,5731 Ellsworth Ave,"Pittsburgh, PA 15232",0,,,https://www.apartments.com/5731-ellsworth-ave-pittsburgh-pa/0nzhzy2/
441,407 S Evaline St,"Pittsburgh, PA 15224",0,,,https://www.apartments.com/407-s-evaline-st-pittsburgh-pa/566wczp/
442,648 Maryland Ave,"Pittsburgh, PA 15232",0,,,https://www.apartments.com/648-maryland-ave-pittsburgh-pa/9jqv9b6/
443,5819 5th Ave,"Pittsburgh, PA 15232",0,,,https://www.apartments.com/5819-5th-ave-pittsburgh-pa/0p8rx02/
444,425 S Aiken Ave,"Pittsburgh, PA 15232",0,,,https://www.apartments.com/425-s-aiken-ave-pittsburgh-pa/t33eqbb/
445,630-632 Maryland Ave,"Pittsburgh, PA 15232",0,,,https://www.apartments.com/630-632-maryland-ave-pittsburgh-pa/w37ex6l/
446,Elwood Gardens,"5819-5835 Elwood St, Pittsburgh, PA 15232",0,,,https://www.apartments.com/elwood-gardens-pittsburgh-pa/znqcztz/
447,365 Gross St,"Pittsburgh, PA 15224",0,,,https://www.apartments.com/365-gross-st-pittsburgh-pa/fgfzgtr/
448,707-715 Cherokee St,"Pittsburgh, PA 15219",0,,,https://www.apartments.com/707-715-cherokee-st-pittsburgh-pa/7h69kdy/
449,4773 Mitre Way,"Pittsburgh, PA 15224",0,,,https://www.apartments.com/4773-mitre-way-pittsburgh-pa/q1hzmsz/
450,MANHATTAN,"806 College St, Pittsburgh, PA 15232",0,,,https://www.apartments.com/manhattan-pittsburgh-pa/411x6th/
451,5636 Forbes Ave,"Pittsburgh, PA 15217",0,,,https://www.apartments.com/5636-forbes-ave-pittsburgh-pa/49n46fj/
452,359 S Pacific Ave,"Pittsburgh, PA 15224",0,,,https://www.apartments.com/359-s-pacific-ave-pittsburgh-pa/dy27fkh/
453,5731 Centre Ave,"Pittsburgh, PA 15206",0,,,https://www.apartments.com/5731-centre-ave-pittsburgh-pa/8pkrwh3/
454,Allequippa Place,"2561 Allequippa St, Pittsburgh, PA 15213",0,,,https://www.apartments.com/allequippa-place-pittsburgh-pa/xkj9mbn/
455,350 S Aiken Ave,"Pittsburgh, PA 15232",0,,,https://www.apartments.com/350-s-aiken-ave-pittsburgh-pa/31ep6te/
456,Center Plaza Apartments,"2841 Centre Ave, Pittsburgh, PA 15219",0,,,https://www.apartments.com/center-plaza-apartments-pittsburgh-pa/7j24z4z/
457,362 Stratford Ave,"Pittsburgh, PA 15232",0,,,https://www.apartments.com/362-stratford-ave-pittsburgh-pa/b69bw1c/
458,205 Robinson St,"Pittsburgh, PA 15213",0,,,https://www.apartments.com/205-robinson-st-pittsburgh-pa/l16d4wg/
459,Walnut on Forbes,"5703-5719 Forbes Ter, Pittsburgh, PA 15217",0,,,https://www.apartments.com/walnut-on-forbes-pittsburgh-pa/c38n1mf/
460,5922 Howe St,"Pittsburgh, PA 15232",0,,,https://www.apartments.com/5922-howe-st-pittsburgh-pa/588gk3q/
461,5920 Walnut St,"Pittsburgh, PA 15232",0,,,https://www.apartments.com/5920-walnut-st-pittsburgh-pa/4dehffk/
462,328-330 S Pacific Ave,"Pittsburgh, PA 15224",0,,,https://www.apartments.com/328-330-s-pacific-ave-pittsburgh-pa/r7v9fq2/
463,151 Robinson St,"Pittsburgh, PA 15213",0,,,https://www.apartments.com/151-robinson-st-pittsburgh-pa/840bs22/
464,Wendover Street Apartments,"2036 Wendover St, Pittsburgh, PA 15217",0,,,https://www.apartments.com/wendover-street-apartments-pittsburgh-pa/85f3t70/
465,342 S Graham St,"Pittsburgh, PA 15232",0,,,https://www.apartments.com/342-s-graham-st-pittsburgh-pa/0b48fs0/
466,631 College St,"Pittsburgh, PA 15232",0,,,https://www.apartments.com/631-college-st-pittsburgh-pa/5ptqwxp/
467,324 S Mathilda St,"Pittsburgh, PA 15224",0,,,https://www.apartments.com/324-s-mathilda-st-pittsburgh-pa/1pg8d97/
468,Fourplex + 8-car Detached Garage in Bloomfiel,"336-338 Pearl St, Pittsburgh, PA 15224",0,,,https://www.apartments.com/fourplex-8-car-detached-garage-in-bloomfiel-pittsburgh-pa/ljnf8vd/
469,304 S Winebiddle St,"Pittsburgh, PA 15224",0,,,https://www.apartments.com/304-s-winebiddle-st-pittsburgh-pa/he9tfv3/
470,4740-4748 Courday St,"Pittsburgh, PA 15224",0,,,https://www.apartments.com/4740-4748-courday-st-pittsburgh-pa/ndp5evq/
471,5602 Beacon St,"Pittsburgh, PA 15217",0,,,https://www.apartments.com/5602-beacon-st-pittsburgh-pa/lgspq4f/
472,301 S Winebiddle St,"Pittsburgh, PA 15224",0,,,https://www.apartments.com/301-s-winebiddle-st-pittsburgh-pa/1gem9e4/
473,Tandem Tower,"331 S Negley Ave, Pittsburgh, PA 15232",0,,,https://www.apartments.com/tandem-tower-pittsburgh-pa/5z6s5jq/
474,Highwood,"372 S Highland Ave, Pittsburgh, PA 15206",0,,,https://www.apartments.com/highwood-pittsburgh-pa/qyfel7w/
475,0.0,0.0,0.0,0.0,0.0,0.0
476,0.0,0.0,0.0,0.0,0.0,0.0
477,0.0,0.0,0.0,0.0,0.0,0.0
478,0.0,0.0,0.0,0.0,0.0,0.0
479,0.0,0.0,0.0,0.0,0.0,0.0
480,0.0,0.0,0.0,0.0,0.0,0.0
481,0.0,0.0,0.0,0.0,0.0,0.0
482,0.0,0.0,0.0,0.0,0.0,0.0
483,0.0,0.0,0.0,0.0,0.0,0.0
484,0.0,0.0,0.0,0.0,0.0,0.0
485,0.0,0.0,0.0,0.0,0.0,0.0
486,0.0,0.0,0.0,0.0,0.0,0.0
487,0.0,0.0,0.0,0.0,0.0,0.0
488,0.0,0.0,0.0,0.0,0.0,0.0
489,0.0,0.0,0.0,0.0,0.0,0.0
490,0.0,0.0,0.0,0.0,0.0,0.0
491,0.0,0.0,0.0,0.0,0.0,0.0
492,0.0,0.0,0.0,0.0,0.0,0.0
493,0.0,0.0,0.0,0.0,0.0,0.0
494,0.0,0.0,0.0,0.0,0.0,0.0
495,0.0,0.0,0.0,0.0,0.0,0.0
496,0.0,0.0,0.0,0.0,0.0,0.0
497,0.0,0.0,0.0,0.0,0.0,0.0
498,0.0,0.0,0.0,0.0,0.0,0.0
499,0.0,0.0,0.0,0.0,0.0,0.0
